{
 "type": "FeatureCollection",
 "features": [
  {
   "type": "Feature",
   "geometry": {
    "type": "Polygon",
    "coordinates": [
     [
      [
       71.25168573449562,
       41.01124100166491
      ],
      [
       71.25184022712567,
       41.01141586720342
      ],
      [
       71.25206552887781,
       41.01112442438138
      ],
      [
       71.25227795624413,
       41.010905841418825
      ],
      [
       71.25263843904756,
       41.01047353075745
      ],
      [
       71.25294742430764,
       41.010099506885346
      ],
      [
       71.2532821583394,
       41.00963318843471
      ],
      [
       71.25355252044197,
       41.009273732376506
      ],
      [
       71.25373276184371,
       41.00903085555139
      ],
      [
       71.25410611903295,
       41.008447947518384
      ],
      [
       71.25443441587181,
       41.00799619024595
      ],
      [
       71.2548463962186,
       41.00750071096644
      ],
      [
       71.25511675832118,
       41.0076027217109
      ],
      [
       71.25588922147138,
       41.00751042628223
      ],
      [
       71.25653937795614,
       41.00765615584735
      ],
      [
       71.25682261444456,
       41.0076027217109
      ],
      [
       71.2569706698817,
       41.00807391214781
      ],
      [
       71.25865077723341,
       41.008069054531646
      ],
      [
       71.25904988319435,
       41.00815649156812
      ],
      [
       71.25942324038361,
       41.00827307410294
      ],
      [
       71.26073642773899,
       41.00845766269453
      ],
      [
       71.26132864948748,
       41.00846737786923
      ],
      [
       71.26144451896002,
       41.00825364369479
      ],
      [
       71.26135439825913,
       41.00799133262404
      ],
      [
       71.26202386632266,
       41.003765065881936
      ],
      [
       71.2620624894802,
       41.003667907137554
      ],
      [
       71.26239722351195,
       41.00400796211622
      ],
      [
       71.2628993245596,
       41.00425085745525
      ],
      [
       71.26359454139478,
       41.00450346765816
      ],
      [
       71.26409664244242,
       41.00465891960944
      ],
      [
       71.26457299471839,
       41.00480465548073
      ],
      [
       71.26488197997848,
       41.00480465548073
      ],
      [
       71.26521671401025,
       41.004814371194016
      ],
      [
       71.26613079540466,
       41.004824086905884
      ],
      [
       71.2669418817124,
       41.00486294973901
      ],
      [
       71.2684868080128,
       41.00491152824818
      ],
      [
       71.26974849782484,
       41.00494067533649
      ],
      [
       71.270366468345,
       41.00495039102973
      ],
      [
       71.27110030833772,
       41.00495039102973
      ],
      [
       71.27101018763683,
       41.00416341523633
      ],
      [
       71.27099731325102,
       41.00331813447179
      ],
      [
       71.27097156447935,
       41.00203561881498
      ],
      [
       71.27093294132183,
       41.001617824234415
      ],
      [
       71.27093294132183,
       41.00120974325011
      ],
      [
       71.27108743395188,
       41.000325559116106
      ],
      [
       71.27108743395188,
       41.000092365719475
      ],
      [
       71.27108743395188,
       40.99967455882054
      ],
      [
       71.27103593640852,
       40.999334481482514
      ],
      [
       71.27090719255015,
       40.99893610294063
      ],
      [
       71.27072695114843,
       40.998683471398195
      ],
      [
       71.27044371466005,
       40.998469705490635
      ],
      [
       71.26998023676991,
       40.998343388946665
      ],
      [
       71.2690017834463,
       40.998440555540434
      ],
      [
       71.2677787167918,
       40.99806160501473
      ],
      [
       71.26501072383684,
       40.998236505528084
      ],
      [
       71.26437987893085,
       40.9971870954868
      ],
      [
       71.2643283813875,
       40.99665266728604
      ],
      [
       71.26441850208833,
       40.99629314042222
      ],
      [
       71.2647146129626,
       40.99631257435689
      ],
      [
       71.26463736664758,
       40.9954963441681
      ],
      [
       71.26382628033986,
       40.994417738774395
      ],
      [
       71.2638391547257,
       40.994184524477
      ],
      [
       71.26296369648877,
       40.99387357079712
      ],
      [
       71.26220410772439,
       40.993601485124096
      ],
      [
       71.26152176527503,
       40.993309963513994
      ],
      [
       71.26106150598137,
       40.99308646273993
      ],
      [
       71.26045319125058,
       40.99312047377616
      ],
      [
       71.25985453230915,
       40.99313990864614
      ],
      [
       71.25948439371633,
       40.993142338004475
      ],
      [
       71.2591882828421,
       40.993105897619934
      ],
      [
       71.25907241336954,
       40.99307431593703
      ],
      [
       71.25886320459972,
       40.993016011251925
      ],
      [
       71.25859927969006,
       40.9929309834937
      ],
      [
       71.25836754074498,
       40.99287024931357
      ],
      [
       71.25815511337866,
       40.992804656336155
      ],
      [
       71.25795877899466,
       40.99276821576495
      ],
      [
       71.25783969092566,
       40.99272934580015
      ],
      [
       71.25768841689208,
       40.992622453278734
      ],
      [
       71.25735046426387,
       40.9924281027958
      ],
      [
       71.25703182321439,
       40.99221431660281
      ],
      [
       71.25671318216492,
       40.99202725311532
      ],
      [
       71.25646213164111,
       40.991874200776195
      ],
      [
       71.25617567655624,
       40.99168956573555
      ],
      [
       71.25592462603242,
       40.99154380086451
      ],
      [
       71.25576369620946,
       40.9914612006279
      ],
      [
       71.25521975340786,
       40.99167498926295
      ],
      [
       71.2548592706044,
       40.99183775969071
      ],
      [
       71.2546468432381,
       40.9919568004954
      ],
      [
       71.25407393306836,
       40.99242324402637
      ],
      [
       71.25395806359583,
       40.99261759452363
      ],
      [
       71.2538808172808,
       40.99287753741814
      ],
      [
       71.25378747798348,
       40.99329538739966
      ],
      [
       71.25367482710742,
       40.99382498415218
      ],
      [
       71.25357183202073,
       40.99429141446574
      ],
      [
       71.2534720555305,
       40.994726260587676
      ],
      [
       71.25339802781193,
       40.995102801001735
      ],
      [
       71.25330146991813,
       40.99555950519827
      ],
      [
       71.2532499723748,
       40.99580486093351
      ],
      [
       71.25416405376922,
       40.99592146531925
      ],
      [
       71.25397737517459,
       40.99607693751272
      ],
      [
       71.25372632465077,
       40.99648019180555
      ],
      [
       71.25353964605614,
       40.996800850084945
      ],
      [
       71.2533465302686,
       40.997160374179686
      ],
      [
       71.25311479132353,
       40.99762192250786
      ],
      [
       71.25298604746516,
       40.99788427485382
      ],
      [
       71.25285730360676,
       40.998180634581225
      ],
      [
       71.2528058060634,
       40.99884136622571
      ],
      [
       71.25281224325633,
       40.99981787660176
      ],
      [
       71.25295386150053,
       41.000196817030414
      ],
      [
       71.25290880115011,
       41.000425151877835
      ],
      [
       71.25268993659088,
       41.00067777674474
      ],
      [
       71.25229083062993,
       41.00125589539293
      ],
      [
       71.2522779562441,
       41.00155223996093
      ],
      [
       71.25222002150785,
       41.00211577677473
      ],
      [
       71.25212990080699,
       41.00259186446589
      ],
      [
       71.25196897098402,
       41.003189398231626
      ],
      [
       71.251891724669,
       41.00373834724154
      ],
      [
       71.25173723203895,
       41.00410754931353
      ],
      [
       71.25127375414881,
       41.00432615482859
      ],
      [
       71.25124156818423,
       41.004593338362234
      ],
      [
       71.25182091554687,
       41.005827226446534
      ],
      [
       71.2517179204602,
       41.007104810629095
      ],
      [
       71.25237451413788,
       41.00724568341439
      ],
      [
       71.25247750922458,
       41.00756143166673
      ],
      [
       71.25250325799625,
       41.00783831735057
      ],
      [
       71.25246463483876,
       41.00818806602503
      ],
      [
       71.25217496115742,
       41.00867868256476
      ],
      [
       71.25222002150785,
       41.0087855490493
      ],
      [
       71.25205265449198,
       41.00899442395043
      ],
      [
       71.25202046852736,
       41.0097181946483
      ],
      [
       71.25197540817693,
       41.00969876466629
      ],
      [
       71.2517887295823,
       41.00995621146276
      ],
      [
       71.25176298081061,
       41.010301091443885
      ],
      [
       71.25185310151149,
       41.010417670184204
      ],
      [
       71.25168573449562,
       41.01124100166491
      ]
     ]
    ]
   },
   "properties": {
    "ext_key": "mahalla-navruz",
    "name": "Navruz",
    "kind": "",
    "source": "survey"
   }
  },
  {
   "type": "Feature",
   "geometry": {
    "type": "Polygon",
    "coordinates": [
     [
      [
       71.21495028380824,
       41.029418461764024
      ],
      [
       71.21026400736358,
       41.02794220840502
      ],
      [
       71.2073801449361,
       41.026582472082325
      ],
      [
       71.2061570782816,
       41.02563063995004
      ],
      [
       71.20544898706056,
       41.024950751432186
      ],
      [
       71.20490826285541,
       41.024358271428646
      ],
      [
       71.20731577300693,
       41.02156091679579
      ],
      [
       71.20575797232065,
       41.02045359776223
      ],
      [
       71.20614420389578,
       41.01989993126412
      ],
      [
       71.20656262143545,
       41.01948224994881
      ],
      [
       71.20700035055393,
       41.01917141562309
      ],
      [
       71.20714840599102,
       41.01888000711049
      ],
      [
       71.20729002423523,
       41.01853031519356
      ],
      [
       71.20746382844406,
       41.01829718621756
      ],
      [
       71.2076183210741,
       41.017903779199536
      ],
      [
       71.20763119545992,
       41.0178503533739
      ],
      [
       71.20771487896788,
       41.017881923185186
      ],
      [
       71.20778890668643,
       41.01774107314103
      ],
      [
       71.20786937159792,
       41.017561367475025
      ],
      [
       71.20797236668461,
       41.01737680438882
      ],
      [
       71.20813007791111,
       41.017148528277346
      ],
      [
       71.2081944498403,
       41.017048960789474
      ],
      [
       71.20830066352346,
       41.01690325199933
      ],
      [
       71.2084873421181,
       41.01658997700914
      ],
      [
       71.20866758351981,
       41.016194131286255
      ],
      [
       71.2087866715888,
       41.01606542020129
      ],
      [
       71.20904415930555,
       41.01586142475907
      ],
      [
       71.20913106140993,
       41.015713284815796
      ],
      [
       71.20918255895329,
       41.01566957132626
      ],
      [
       71.20923405649664,
       41.01547528879956
      ],
      [
       71.20925658667184,
       41.015378147321336
      ],
      [
       71.20929842842581,
       41.01534414777012
      ],
      [
       71.20935958175855,
       41.01531500528368
      ],
      [
       71.20947545123107,
       41.01531014820135
      ],
      [
       71.2097104087726,
       41.01532471944725
      ],
      [
       71.2097425947372,
       41.01509643622444
      ],
      [
       71.20975868771947,
       41.01493372323167
      ],
      [
       71.20987133859556,
       41.01469572439902
      ],
      [
       71.20999364526102,
       41.01439943893648
      ],
      [
       71.21025757017067,
       41.01437515318374
      ],
      [
       71.21040884420424,
       41.0142512957055
      ],
      [
       71.21044746736177,
       41.014197866917506
      ],
      [
       71.2104442487653,
       41.014015722996405
      ],
      [
       71.21048287192282,
       41.013581004136135
      ],
      [
       71.21065345753514,
       41.01343771628546
      ],
      [
       71.21078863858645,
       41.01333085734648
      ],
      [
       71.2109656613917,
       41.01333571457474
      ],
      [
       71.21126499086242,
       41.01330899981489
      ],
      [
       71.21153535296497,
       41.01331142842986
      ],
      [
       71.21191192875071,
       41.01317785447302
      ],
      [
       71.21215976067808,
       41.01280384595306
      ],
      [
       71.21240759260543,
       41.01250512333727
      ],
      [
       71.21267473611155,
       41.01213353965661
      ],
      [
       71.21287750768849,
       41.01189553070776
      ],
      [
       71.21327661364941,
       41.011412224176155
      ],
      [
       71.21332811119277,
       41.01133450621203
      ],
      [
       71.213427887683,
       41.011293218506296
      ],
      [
       71.21359203610241,
       41.011273788988774
      ],
      [
       71.21368859399621,
       41.01118392739567
      ],
      [
       71.21390423995898,
       41.0111523543744
      ],
      [
       71.21404585820316,
       41.01111592394644
      ],
      [
       71.21421966241196,
       41.011074636103736
      ],
      [
       71.21468957749502,
       41.011081922195515
      ],
      [
       71.21499212556218,
       41.01107949349834
      ],
      [
       71.21569699818677,
       41.01103334823516
      ],
      [
       71.21613150870877,
       41.010960487227486
      ],
      [
       71.21672694905372,
       41.010941057611845
      ],
      [
       71.21693615782357,
       41.01096777333188
      ],
      [
       71.21717433396152,
       41.01081233626343
      ],
      [
       71.21739319852078,
       41.01070547306615
      ],
      [
       71.21779230448172,
       41.01059860969554
      ],
      [
       71.21797898307635,
       41.010506318463264
      ],
      [
       71.21812060132056,
       41.010472316397724
      ],
      [
       71.21852614447442,
       41.01055975024508
      ],
      [
       71.21891881324242,
       41.01066175625367
      ],
      [
       71.21914411499459,
       41.010797764019465
      ],
      [
       71.21919561253794,
       41.01093377150451
      ],
      [
       71.22007107077486,
       41.011400080750306
      ],
      [
       71.22086284550383,
       41.0117498105188
      ],
      [
       71.22115895637808,
       41.01177895458238
      ],
      [
       71.22189923356369,
       41.01178866926737
      ],
      [
       71.22254295285555,
       41.01198781999408
      ],
      [
       71.22323816969075,
       41.01219182743138
      ],
      [
       71.22424237178603,
       41.01242497801479
      ],
      [
       71.22406052108609,
       41.01272370099396
      ],
      [
       71.22395591670114,
       41.012848775660196
      ],
      [
       71.22382556354457,
       41.01300177929792
      ],
      [
       71.2237032568791,
       41.01314628240728
      ],
      [
       71.2236372756517,
       41.013216712379304
      ],
      [
       71.22355520144198,
       41.013313857044764
      ],
      [
       71.22348439231988,
       41.01339278697996
      ],
      [
       71.22343450407476,
       41.013449859335736
      ],
      [
       71.22329932302347,
       41.013613790295445
      ],
      [
       71.2231705791651,
       41.013764363558295
      ],
      [
       71.22308206776248,
       41.013876078982534
      ],
      [
       71.22293562162359,
       41.01412986657921
      ],
      [
       71.22277469180061,
       41.01440672466056
      ],
      [
       71.22264272934578,
       41.01463379599036
      ],
      [
       71.22248823671575,
       41.01490215200742
      ],
      [
       71.22229029303351,
       41.01523729192347
      ],
      [
       71.22216476777159,
       41.015459503319086
      ],
      [
       71.22196843338757,
       41.01579464039965
      ],
      [
       71.22183003373979,
       41.016045992091165
      ],
      [
       71.22167071321508,
       41.01631677085964
      ],
      [
       71.2215307042691,
       41.01655112109256
      ],
      [
       71.22141644409479,
       41.016750257422814
      ],
      [
       71.22132471409572,
       41.01691539441082
      ],
      [
       71.22122976550015,
       41.017138814382726
      ],
      [
       71.22117022146567,
       41.017303950396645
      ],
      [
       71.22112998900992,
       41.0174265879038
      ],
      [
       71.22102377532677,
       41.01767307646022
      ],
      [
       71.22099319866041,
       41.01777385722994
      ],
      [
       71.22093365462591,
       41.01792806365142
      ],
      [
       71.22085318971443,
       41.01813933800492
      ],
      [
       71.22080491076754,
       41.018257117091714
      ],
      [
       71.2207646783118,
       41.018377324396134
      ],
      [
       71.22066329252333,
       41.01862745202338
      ],
      [
       71.2198908293731,
       41.02068671910588
      ],
      [
       71.21953034656966,
       41.02159005651895
      ],
      [
       71.21871926026192,
       41.02366865684282
      ],
      [
       71.21828153114348,
       41.024717645181596
      ],
      [
       71.21495028380824,
       41.029418461764024
      ]
     ]
    ]
   },
   "properties": {
    "ext_key": "mahalla-navbaxor",
    "name": "Navbaxor",
    "kind": "",
    "source": "survey"
   }
  },
  {
   "type": "Feature",
   "geometry": {
    "type": "Polygon",
    "coordinates": [
     [
      [
       71.21406735411561,
       41.047800840087184
      ],
      [
       71.2141277392948,
       41.04796998920729
      ],
      [
       71.21416008849793,
       41.04799763854135
      ],
      [
       71.2145525921626,
       41.04806757504033
      ],
      [
       71.21500979423351,
       41.048145643602545
      ],
      [
       71.21574951267846,
       41.04820907424115
      ],
      [
       71.21626709992856,
       41.048326176797936
      ],
      [
       71.21650648403173,
       41.048335935334926
      ],
      [
       71.22108066135448,
       41.04764795493147
      ],
      [
       71.22458300174684,
       41.04710797472996
      ],
      [
       71.22735209353486,
       41.046756659930395
      ],
      [
       71.22895661401017,
       41.04650943728042
      ],
      [
       71.23068190484385,
       41.046288237279974
      ],
      [
       71.23208801687328,
       41.04606703653595
      ],
      [
       71.23316632364434,
       41.04601498919402
      ],
      [
       71.23359764635273,
       41.04601498919402
      ],
      [
       71.23711723965341,
       41.041037771938186
      ],
      [
       71.23670316985334,
       41.040348088612724
      ],
      [
       71.23649613495331,
       41.039619358756184
      ],
      [
       71.23658239949499,
       41.03843515553104
      ],
      [
       71.23642712331996,
       41.03757626953257
      ],
      [
       71.23613382387823,
       41.03678244068949
      ],
      [
       71.23639261750328,
       41.03472624933843
      ],
      [
       71.23646162913666,
       41.0343488401524
      ],
      [
       71.23556447790315,
       41.032578892344745
      ],
      [
       71.23504689065302,
       41.031394562459816
      ],
      [
       71.2345983150363,
       41.0300930764784
      ],
      [
       71.234788097028,
       41.02905186916985
      ],
      [
       71.23511590228638,
       41.02812778389263
      ],
      [
       71.23516766101139,
       41.027815414105504
      ],
      [
       71.2354954662698,
       41.02754208932619
      ],
      [
       71.23634085877829,
       41.027555104817594
      ],
      [
       71.23760032108686,
       41.027529073832206
      ],
      [
       71.23759574199171,
       41.025142137652075
      ],
      [
       71.23859666606072,
       41.021483905176275
      ],
      [
       71.23847433089672,
       41.020569315306304
      ],
      [
       71.2363167834591,
       41.01985609420879
      ],
      [
       71.23659965240336,
       41.018248371784885
      ],
      [
       71.23656514658668,
       41.015983317502524
      ],
      [
       71.23598314210275,
       41.016164002710894
      ],
      [
       71.23570510763916,
       41.016734612189666
      ],
      [
       71.23506006768356,
       41.01651643856083
      ],
      [
       71.23498221803375,
       41.016860481262206
      ],
      [
       71.23342522503755,
       41.01660035158052
      ],
      [
       71.23362540985133,
       41.0156269539804
      ],
      [
       71.23292476300304,
       41.01538360233293
      ],
      [
       71.23292262631412,
       41.01539100597904
      ],
      [
       71.23136986456382,
       41.014873542651976
      ],
      [
       71.23066249532202,
       41.014665254379274
      ],
      [
       71.2305093757605,
       41.0148263523979
      ],
      [
       71.23035625619903,
       41.01518597382623
      ],
      [
       71.22906228807378,
       41.01517295589022
      ],
      [
       71.22911404679878,
       41.01540076939899
      ],
      [
       71.22935289174896,
       41.015663567575196
      ],
      [
       71.22959011923858,
       41.01604759274599
      ],
      [
       71.22922780816351,
       41.01627865765982
      ],
      [
       71.22922349493639,
       41.016390935388735
      ],
      [
       71.22943052983643,
       41.01699625549962
      ],
      [
       71.22975833509484,
       41.01708086969567
      ],
      [
       71.2304786440179,
       41.01706459774333
      ],
      [
       71.23064254664709,
       41.01770896398374
      ],
      [
       71.23058216146791,
       41.017884699137156
      ],
      [
       71.23034924720535,
       41.01800836433443
      ],
      [
       71.23037512656786,
       41.01826545702781
      ],
      [
       71.23034062075119,
       41.01842491908024
      ],
      [
       71.2302845487991,
       41.01865597565494
      ],
      [
       71.23028886202619,
       41.018874014214525
      ],
      [
       71.23037081334078,
       41.0190660177216
      ],
      [
       71.23032768106994,
       41.01917666355622
      ],
      [
       71.23023710330118,
       41.019166900695936
      ],
      [
       71.23028886202619,
       41.01928730920496
      ],
      [
       71.23050883660747,
       41.019430497415684
      ],
      [
       71.23048295724497,
       41.01959321091365
      ],
      [
       71.23033630752411,
       41.01986656868533
      ],
      [
       71.23005594776363,
       41.020491382189
      ],
      [
       71.23030180170744,
       41.02089815862821
      ],
      [
       71.23071587150751,
       41.02116825679594
      ],
      [
       71.2304836204125,
       41.021546835204894
      ],
      [
       71.23012217560982,
       41.022119495702256
      ],
      [
       71.23001096182436,
       41.02241106818165
      ],
      [
       71.2295661066826,
       41.02344939134767
      ],
      [
       71.22939650565978,
       41.02384164250561
      ],
      [
       71.2292130029138,
       41.024244379231575
      ],
      [
       71.2289905753429,
       41.02463662565442
      ],
      [
       71.22867639639905,
       41.02517989357912
      ],
      [
       71.22792359612346,
       41.0263267564804
      ],
      [
       71.22771995784422,
       41.026627187797516
      ],
      [
       71.2274362014629,
       41.02663262542394
      ],
      [
       71.22641181003058,
       41.02624703506807
      ],
      [
       71.22592872859717,
       41.02607783011791
      ],
      [
       71.22538526198457,
       41.02595418007295
      ],
      [
       71.22534859955432,
       41.02598102516732
      ],
      [
       71.22523645565015,
       41.02599404096728
      ],
      [
       71.22403036952704,
       41.02704505832322
      ],
      [
       71.22294343630186,
       41.02756567990262
      ],
      [
       71.22256387231845,
       41.02776091193367
      ],
      [
       71.22190826180164,
       41.028515803674054
      ],
      [
       71.22106556505958,
       41.02964243096117
      ],
      [
       71.2207118804387,
       41.029544817807334
      ],
      [
       71.2203323164553,
       41.02983765683466
      ],
      [
       71.21998725828855,
       41.03016953949114
      ],
      [
       71.21920225095924,
       41.03053395773601
      ],
      [
       71.21836548490492,
       41.03091789620488
      ],
      [
       71.21470786833756,
       41.03274645378115
      ],
      [
       71.21449220698335,
       41.03409994411728
      ],
      [
       71.21427654562916,
       41.03508250861072
      ],
      [
       71.21432830435417,
       41.03513456459865
      ],
      [
       71.21536347885436,
       41.03715170242823
      ],
      [
       71.2149946979388,
       41.04169166313376
      ],
      [
       71.21571932008894,
       41.04210806807144
      ],
      [
       71.2152707444722,
       41.0435914892507
      ],
      [
       71.21520840698172,
       41.04535943546554
      ],
      [
       71.21526401387446,
       41.046407881118974
      ],
      [
       71.21485451805844,
       41.04643949912532
      ],
      [
       71.21450514666462,
       41.04671925129953
      ],
      [
       71.21444907471252,
       41.046764792238584
      ],
      [
       71.21406735411561,
       41.047800840087184
      ]
     ]
    ]
   },
   "properties": {
    "ext_key": "mahalla-dehqonobod-mahalla",
    "name": "Dehqonobod mahalla",
    "kind": "",
    "source": "survey"
   }
  },
  {
   "type": "Feature",
   "geometry": {
    "type": "Polygon",
    "coordinates": [
     [
      [
       71.20865551378277,
       41.00555519011397
      ],
      [
       71.2093636050038,
       41.005450747295114
      ],
      [
       71.21004594745317,
       41.00533901758471
      ],
      [
       71.21071863411314,
       41.005246718985404
      ],
      [
       71.21151040884213,
       41.00512527326307
      ],
      [
       71.2122056256773,
       41.00502568760372
      ],
      [
       71.21249208076219,
       41.004994111631525
      ],
      [
       71.2127914102329,
       41.00495524887575
      ],
      [
       71.21376664496005,
       41.00482165797801
      ],
      [
       71.21438139688374,
       41.004709927201
      ],
      [
       71.21451657793504,
       41.00473178758531
      ],
      [
       71.21497361863224,
       41.00462005665593
      ],
      [
       71.2151281112623,
       41.00459819623455
      ],
      [
       71.21544997090821,
       41.00453504386538
      ],
      [
       71.21589413721959,
       41.00443059942971
      ],
      [
       71.21632221054865,
       41.00433344166652
      ],
      [
       71.21696592984051,
       41.004207136360236
      ],
      [
       71.21749056106336,
       41.00408325976701
      ],
      [
       71.21782207649869,
       41.00402496481902
      ],
      [
       71.21828233579235,
       41.00393509333987
      ],
      [
       71.2187619066648,
       41.003847650701985
      ],
      [
       71.21935734700973,
       41.00372377343302
      ],
      [
       71.21937987718495,
       41.003723166190944
      ],
      [
       71.21967598805921,
       41.00366790713752
      ],
      [
       71.21985622946093,
       41.003632687057305
      ],
      [
       71.22015153568603,
       41.00357560619767
      ],
      [
       71.22029637252672,
       41.00354585126189
      ],
      [
       71.22068179945272,
       41.00345901535206
      ],
      [
       71.22085158041595,
       41.00342136618076
      ],
      [
       71.22106964032606,
       41.00336975034646
      ],
      [
       71.22130942576227,
       41.00332359968392
      ],
      [
       71.22148644856752,
       41.0032871649275
      ],
      [
       71.22167473646041,
       41.00324708667216
      ],
      [
       71.22179704312587,
       41.00322218956188
      ],
      [
       71.22189762426521,
       41.00320154317062
      ],
      [
       71.22207464707047,
       41.00316632284116
      ],
      [
       71.22223557689344,
       41.00313413873056
      ],
      [
       71.22243754382126,
       41.00309527487794
      ],
      [
       71.22273526399371,
       41.00303637180761
      ],
      [
       71.22290504495693,
       41.003002365887376
      ],
      [
       71.22312632346352,
       41.00295864396414
      ],
      [
       71.22330254161966,
       41.00292888874979
      ],
      [
       71.22334196942629,
       41.00285723328053
      ],
      [
       71.22339024837316,
       41.002761287699684
      ],
      [
       71.22345783889881,
       41.00264651716949
      ],
      [
       71.22351255503864,
       41.002544498752655
      ],
      [
       71.22354956889791,
       41.00248316617605
      ],
      [
       71.2235117503895,
       41.002407259442776
      ],
      [
       71.22348036907404,
       41.002334388896614
      ],
      [
       71.2234465738112,
       41.00225787473643
      ],
      [
       71.2234674946882,
       41.00213399447919
      ],
      [
       71.22350128995103,
       41.00207751957877
      ],
      [
       71.22360267573949,
       41.00189352037399
      ],
      [
       71.2236581965284,
       41.00180546776752
      ],
      [
       71.22374107538724,
       41.00167855035534
      ],
      [
       71.22376843345715,
       41.001637863860466
      ],
      [
       71.22381751705315,
       41.00159535555543
      ],
      [
       71.22389798196461,
       41.0015164114876
      ],
      [
       71.2239406283677,
       41.00144475448261
      ],
      [
       71.2240001724022,
       41.00134880684548
      ],
      [
       71.22403557696322,
       41.001287473156154
      ],
      [
       71.22362359661643,
       41.001226746674845
      ],
      [
       71.2231536815334,
       41.001226746674845
      ],
      [
       71.22288653802728,
       41.001207314189
      ],
      [
       71.22266123627513,
       41.00120488512788
      ],
      [
       71.22224281873542,
       41.00116602013758
      ],
      [
       71.22190486610722,
       41.001122296996115
      ],
      [
       71.22174393628426,
       41.00111500980305
      ],
      [
       71.22172140610903,
       41.001029992491084
      ],
      [
       71.22176968505592,
       41.001034850626155
      ],
      [
       71.22178577803824,
       41.00082109234448
      ],
      [
       71.22178255944176,
       41.00074822004453
      ],
      [
       71.22171496891613,
       41.00074822004453
      ],
      [
       71.22171175031967,
       41.00068992214656
      ],
      [
       71.2217181875126,
       41.0005951879524
      ],
      [
       71.22108090541364,
       41.00050288270918
      ],
      [
       71.22106803102783,
       41.00048102092211
      ],
      [
       71.22121608646495,
       41.00025025717192
      ],
      [
       71.22130620716581,
       41.00015795144561
      ],
      [
       71.22108734260655,
       41.00008750751488
      ],
      [
       71.2210776868172,
       41.000068074693154
      ],
      [
       71.22118711909683,
       40.99982759305015
      ],
      [
       71.22126114681537,
       40.999485087377195
      ],
      [
       71.22128045839413,
       40.9993927805793
      ],
      [
       71.22148644856752,
       40.99943164661522
      ],
      [
       71.22152507172503,
       40.999154725609216
      ],
      [
       71.22197889382578,
       40.99921545399961
      ],
      [
       71.22206257733372,
       40.998586305162455
      ],
      [
       71.22230719066462,
       40.9985644427397
      ],
      [
       71.22276423136184,
       40.99776524475212
      ],
      [
       71.22240052996193,
       40.99717494943939
      ],
      [
       71.22244559031238,
       40.99685429297979
      ],
      [
       71.22238121838319,
       40.99682757153775
      ],
      [
       71.22234581382213,
       40.99679842086134
      ],
      [
       71.22182440119573,
       40.99674983637204
      ],
      [
       71.22176646645947,
       40.996742548695536
      ],
      [
       71.22161519242589,
       40.99693688645943
      ],
      [
       71.22136092330561,
       40.99681056697808
      ],
      [
       71.22129333277996,
       40.99671582720821
      ],
      [
       71.2211967748862,
       40.996608941150534
      ],
      [
       71.22111309137824,
       40.996540922659946
      ],
      [
       71.22101975208093,
       40.996482621040734
      ],
      [
       71.22088135243318,
       40.99640245623012
      ],
      [
       71.2207300783996,
       40.996327149804074
      ],
      [
       71.22061420892707,
       40.996283423452695
      ],
      [
       71.22043718612181,
       40.99647776257014
      ],
      [
       71.22020222858028,
       40.996395168515235
      ],
      [
       71.21999945700335,
       40.996327149804074
      ],
      [
       71.21973231349723,
       40.99623240933943
      ],
      [
       71.21953276051676,
       40.9961668197072
      ],
      [
       71.21931389595753,
       40.99608908376231
      ],
      [
       71.21920124508146,
       40.99604292800164
      ],
      [
       71.2189920363116,
       40.99623969707231
      ],
      [
       71.21790736930484,
       40.996135239490656
      ],
      [
       71.21821635456494,
       40.99570769045444
      ],
      [
       71.21781403000752,
       40.99558622715428
      ],
      [
       71.21808761070656,
       40.99515138670488
      ],
      [
       71.21817129421449,
       40.99500077090837
      ],
      [
       71.2170415668573,
       40.99456592659715
      ],
      [
       71.21608886230537,
       40.99418695379682
      ],
      [
       71.21595689985053,
       40.994398304281084
      ],
      [
       71.2158249373957,
       40.99458293173584
      ],
      [
       71.21563504020462,
       40.9945076232312
      ],
      [
       71.21517156231448,
       40.9951999723723
      ],
      [
       71.2145632475837,
       40.9949789072964
      ],
      [
       71.21425426232359,
       40.99487930630566
      ],
      [
       71.21380365881932,
       40.99471411408683
      ],
      [
       71.2129282005824,
       40.994485759455685
      ],
      [
       71.21290245181072,
       40.99453434561367
      ],
      [
       71.21210303291541,
       40.9943014353933
      ],
      [
       71.21161179463057,
       40.99554007104153
      ],
      [
       71.21109681919711,
       40.99687615596977
      ],
      [
       71.21063012271051,
       40.998090755132466
      ],
      [
       71.21022136096019,
       40.99914986733559
      ],
      [
       71.20982547359571,
       41.00016766784394
      ],
      [
       71.20969672973735,
       41.000502882709185
      ],
      [
       71.20943602342415,
       41.00134577052557
      ],
      [
       71.20915278693572,
       41.002276092401665
      ],
      [
       71.2088212715004,
       41.003347282264784
      ],
      [
       71.20870540202786,
       41.00369705477586
      ],
      [
       71.20864103009869,
       41.00466620641061
      ],
      [
       71.20860562553763,
       41.00557462131783
      ],
      [
       71.20865551378277,
       41.00555519011397
      ]
     ]
    ]
   },
   "properties": {
    "ext_key": "mahalla-bofanda",
    "name": "Bofanda",
    "kind": "",
    "source": "survey"
   }
  },
  {
   "type": "Feature",
   "geometry": {
    "type": "Polygon",
    "coordinates": [
     [
      [
       71.2237016475808,
       41.01229990254398
      ],
      [
       71.22390120056126,
       41.0120764661605
      ],
      [
       71.22364049424807,
       41.01193803236881
      ],
      [
       71.22365015003744,
       41.011853029019264
      ],
      [
       71.22359221530118,
       41.01182145631863
      ],
      [
       71.22360830828349,
       41.011624733766205
      ],
      [
       71.22358899670473,
       41.01136486480266
      ],
      [
       71.22352140617907,
       41.01119242782189
      ],
      [
       71.22318667214732,
       41.011078279149714
      ],
      [
       71.2237080847737,
       41.01019908487691
      ],
      [
       71.22435824125847,
       41.01028166163378
      ],
      [
       71.22431961810095,
       41.01046624459844
      ],
      [
       71.2245384826602,
       41.010475959477006
      ],
      [
       71.22457388722127,
       41.010478388196404
      ],
      [
       71.22459319880001,
       41.010526962565905
      ],
      [
       71.22476700300881,
       41.010461387158635
      ],
      [
       71.22471872406193,
       41.009871205556294
      ],
      [
       71.22399775845504,
       41.009907636672494
      ],
      [
       71.22401707003382,
       41.00951660830642
      ],
      [
       71.22433892967973,
       41.009470461948624
      ],
      [
       71.22432927389036,
       41.00919358312321
      ],
      [
       71.22417156266384,
       41.00920086942302
      ],
      [
       71.22421984161075,
       41.00885598368297
      ],
      [
       71.22442261318767,
       41.008729687044905
      ],
      [
       71.22403960020903,
       41.00860339016475
      ],
      [
       71.22424880897888,
       41.007916039438655
      ],
      [
       71.22388188898252,
       41.00776545280971
      ],
      [
       71.22400741424443,
       41.00753957222108
      ],
      [
       71.22364049424809,
       41.00752257042498
      ],
      [
       71.22380786126396,
       41.00709509525348
      ],
      [
       71.22363083845869,
       41.00703194527714
      ],
      [
       71.22369199179143,
       41.0069056451429
      ],
      [
       71.22423593459305,
       41.006993083723145
      ],
      [
       71.22425846476825,
       41.006772058199026
      ],
      [
       71.2244226131877,
       41.0059025220187
      ],
      [
       71.2254718756334,
       41.005951099761525
      ],
      [
       71.22552337317676,
       41.005309870672654
      ],
      [
       71.22561993107051,
       41.00402253586182
      ],
      [
       71.22617352966151,
       41.00404196751759
      ],
      [
       71.22631514790572,
       41.00343958352446
      ],
      [
       71.2264825149216,
       41.00343472556666
      ],
      [
       71.22652435667557,
       41.002191076587486
      ],
      [
       71.2265050450968,
       41.00215707023108
      ],
      [
       71.22463825915045,
       41.00263801564085
      ],
      [
       71.22370486617726,
       41.00283233602303
      ],
      [
       71.22329610442695,
       41.00292949599925
      ],
      [
       71.22330254161986,
       41.00304365878829
      ],
      [
       71.22354393635432,
       41.00300479488232
      ],
      [
       71.22345703424992,
       41.0031335314831
      ],
      [
       71.22333472758446,
       41.0033229924382
      ],
      [
       71.22322207670838,
       41.00336671411972
      ],
      [
       71.22303539811374,
       41.003442012503236
      ],
      [
       71.22229190233168,
       41.003616898739445
      ],
      [
       71.2219346381247,
       41.003689767867534
      ],
      [
       71.22169002479377,
       41.003779639681255
      ],
      [
       71.22146472304163,
       41.00386708240939
      ],
      [
       71.22142609988413,
       41.00411726512959
      ],
      [
       71.22131666760451,
       41.00429700746846
      ],
      [
       71.221158956378,
       41.004367446900005
      ],
      [
       71.22044764656053,
       41.004306723256605
      ],
      [
       71.2203704002455,
       41.004326154828576
      ],
      [
       71.22029315393047,
       41.00441359683157
      ],
      [
       71.22009038235353,
       41.004765792613256
      ],
      [
       71.21998416867038,
       41.00495524887582
      ],
      [
       71.21990692235536,
       41.005171422663985
      ],
      [
       71.21982323884741,
       41.00551632768915
      ],
      [
       71.21978139709346,
       41.00570092400324
      ],
      [
       71.21958184411298,
       41.006167270282916
      ],
      [
       71.21954643955193,
       41.006244994342
      ],
      [
       71.21940160271127,
       41.0063907267057
      ],
      [
       71.21924389148478,
       41.0064733082354
      ],
      [
       71.21912158481932,
       41.006563176253074
      ],
      [
       71.21888340868131,
       41.00685221039786
      ],
      [
       71.21871282306898,
       41.00706594911808
      ],
      [
       71.21853258166726,
       41.00710723947277
      ],
      [
       71.218474646931,
       41.007129099061814
      ],
      [
       71.21797576447982,
       41.00711209715985
      ],
      [
       71.21792104834002,
       41.00711452600326
      ],
      [
       71.21784058342853,
       41.00716067401102
      ],
      [
       71.21773758834183,
       41.00733069270808
      ],
      [
       71.21763137465868,
       41.0075444298763
      ],
      [
       71.2173223893986,
       41.00784317498375
      ],
      [
       71.21715824097919,
       41.008025335969926
      ],
      [
       71.21659498659882,
       41.00847952183563
      ],
      [
       71.21611863432284,
       41.00882440954615
      ],
      [
       71.21591264414944,
       41.00907457344602
      ],
      [
       71.21572274695835,
       41.009361167814454
      ],
      [
       71.21538479433012,
       41.00979834326347
      ],
      [
       71.21516914836735,
       41.01007521954756
      ],
      [
       71.21486981889663,
       41.010177226306304
      ],
      [
       71.21455439644363,
       41.01018694122748
      ],
      [
       71.21396217469515,
       41.01022822962645
      ],
      [
       71.21331523680684,
       41.01050510410405
      ],
      [
       71.2130255631255,
       41.0108159793239
      ],
      [
       71.21300625154674,
       41.01101270429114
      ],
      [
       71.2131124652299,
       41.0110952800283
      ],
      [
       71.21309637224762,
       41.01117542696834
      ],
      [
       71.21324442768471,
       41.01122642951578
      ],
      [
       71.2133731715431,
       41.01129443285094
      ],
      [
       71.21356628733065,
       41.0112798607136
      ],
      [
       71.21367893820674,
       41.011170569580806
      ],
      [
       71.21395573750222,
       41.01114142524811
      ],
      [
       71.21420678802603,
       41.01107099305753
      ],
      [
       71.21471532626659,
       41.01107827914969
      ],
      [
       71.2152142087178,
       41.01107342175502
      ],
      [
       71.21554894274954,
       41.01104184868078
      ],
      [
       71.21601242063967,
       41.01097627378597
      ],
      [
       71.21639865221479,
       41.010949558069385
      ],
      [
       71.21670763747485,
       41.010942271962975
      ],
      [
       71.21694259501639,
       41.01096170157828
      ],
      [
       71.21726445466231,
       41.01076983387617
      ],
      [
       71.21743182167819,
       41.01069454386573
      ],
      [
       71.21779230448163,
       41.01059982405298
      ],
      [
       71.21811416412757,
       41.0104735307575
      ],
      [
       71.2189316876282,
       41.010667828034904
      ],
      [
       71.21914411499452,
       41.010784406126305
      ],
      [
       71.2191923939414,
       41.01093255715319
      ],
      [
       71.21984255042616,
       41.01127743202373
      ],
      [
       71.22028027954461,
       41.01149358507159
      ],
      [
       71.22085318971438,
       41.01175102485502
      ],
      [
       71.22114286339571,
       41.01178016891806
      ],
      [
       71.2213713837443,
       41.011782597589395
      ],
      [
       71.22189601496716,
       41.011782597589416
      ],
      [
       71.22328644863755,
       41.0122100423504
      ],
      [
       71.2237016475808,
       41.01229990254398
      ]
     ]
    ]
   },
   "properties": {
    "ext_key": "mahalla-bogi-eram",
    "name": "Bog'i eram",
    "kind": "",
    "source": "survey"
   }
  },
  {
   "type": "Feature",
   "geometry": {
    "type": "Polygon",
    "coordinates": [
     [
      [
       71.22424237178596,
       41.012426192338566
      ],
      [
       71.22459963599303,
       41.011879744369494
      ],
      [
       71.22511139283004,
       41.011078279149686
      ],
      [
       71.22606731597845,
       41.01117785566194
      ],
      [
       71.22607697176784,
       41.01086698214958
      ],
      [
       71.22641492439605,
       41.010303520169735
      ],
      [
       71.22673678404199,
       41.01042252762721
      ],
      [
       71.22680115597117,
       41.01012379421426
      ],
      [
       71.22648573351817,
       41.01006793334443
      ],
      [
       71.22660804018362,
       41.0098104869845
      ],
      [
       71.22722601070379,
       41.00990035045085
      ],
      [
       71.2274995914028,
       41.00952875207939
      ],
      [
       71.22808859455486,
       41.00957246964362
      ],
      [
       71.22827849174595,
       41.00907457344599
      ],
      [
       71.22868725349628,
       41.009072144674825
      ],
      [
       71.22862610016357,
       41.00918386805557
      ],
      [
       71.22882887174049,
       41.0092664460848
      ],
      [
       71.22935350296335,
       41.00885841246208
      ],
      [
       71.22918935454393,
       41.00884383978597
      ],
      [
       71.2292537264731,
       41.008460091488345
      ],
      [
       71.23003262681624,
       41.008569387117184
      ],
      [
       71.23026758435779,
       41.0082147828613
      ],
      [
       71.22959167910133,
       41.00812977470818
      ],
      [
       71.22966248822344,
       41.007862605512926
      ],
      [
       71.22986847839682,
       41.00788203603638
      ],
      [
       71.22991353874727,
       41.00773387815032
      ],
      [
       71.23070853207267,
       41.00784074616719
      ],
      [
       71.23067956470454,
       41.00794518519803
      ],
      [
       71.23127822364597,
       41.00799133262406
      ],
      [
       71.23124281908491,
       41.00820749645249
      ],
      [
       71.23177710609714,
       41.00825850129737
      ],
      [
       71.23171273416797,
       41.008477093042515
      ],
      [
       71.23227920714479,
       41.00858881743222
      ],
      [
       71.23244657416066,
       41.00824392848856
      ],
      [
       71.23333812537989,
       41.00841151559511
      ],
      [
       71.23328662783653,
       41.00900413904599
      ],
      [
       71.23394644011067,
       41.00920329818941
      ],
      [
       71.23480580536531,
       41.009395170453374
      ],
      [
       71.23484120992636,
       41.009387884175084
      ],
      [
       71.23478005659362,
       41.00921787078603
      ],
      [
       71.23476074501487,
       41.00917415298652
      ],
      [
       71.2348218983476,
       41.008887557804655
      ],
      [
       71.23499570255639,
       41.008627678045116
      ],
      [
       71.2351373208006,
       41.00842365957179
      ],
      [
       71.23522100430854,
       41.00829736210505
      ],
      [
       71.23461912677065,
       41.00799376143505
      ],
      [
       71.23402690502215,
       41.007731449329754
      ],
      [
       71.23409127695135,
       41.007333121543425
      ],
      [
       71.23430692291412,
       41.00737926939808
      ],
      [
       71.23465131273525,
       41.00740598656233
      ],
      [
       71.23480580536531,
       41.007357409892016
      ],
      [
       71.23487339589094,
       41.00678420247783
      ],
      [
       71.2352016927298,
       41.00681577759228
      ],
      [
       71.23538837132443,
       41.00612355045939
      ],
      [
       71.23534974816691,
       41.00594624198885
      ],
      [
       71.23529825062356,
       41.00584665757015
      ],
      [
       71.2352016927298,
       41.00581993977367
      ],
      [
       71.23524675308022,
       41.005705781794
      ],
      [
       71.23565873342699,
       41.0048070844092
      ],
      [
       71.2354366502713,
       41.004695353607474
      ],
      [
       71.23563298465533,
       41.004450030965224
      ],
      [
       71.23596450009063,
       41.00378449761363
      ],
      [
       71.2356040172872,
       41.003672765078186
      ],
      [
       71.23523066009793,
       41.00422292453681
      ],
      [
       71.2351035255378,
       41.00412576646745
      ],
      [
       71.23474947992726,
       41.00410512035926
      ],
      [
       71.23477844729541,
       41.003576820684614
      ],
      [
       71.23439543431675,
       41.00357196273691
      ],
      [
       71.23443244817605,
       41.003200328676854
      ],
      [
       71.23443405747427,
       41.00317118081881
      ],
      [
       71.23413955589824,
       41.00313960395803
      ],
      [
       71.23415564888055,
       41.00318454025533
      ],
      [
       71.23396736098766,
       41.00313717496813
      ],
      [
       71.23404621660094,
       41.002866342030984
      ],
      [
       71.2336632036223,
       41.00281168950961
      ],
      [
       71.23351836678162,
       41.003031513820126
      ],
      [
       71.23344594836126,
       41.003378859026085
      ],
      [
       71.23340893450201,
       41.003495450013524
      ],
      [
       71.23309673064546,
       41.004021321383135
      ],
      [
       71.23275395012254,
       41.00470021147237
      ],
      [
       71.23275716871902,
       41.00499654055308
      ],
      [
       71.23211827732186,
       41.00484351832533
      ],
      [
       71.23059909979308,
       41.00421320873634
      ],
      [
       71.23075681101959,
       41.00396788429925
      ],
      [
       71.23047679312764,
       41.003878012742256
      ],
      [
       71.23035126786574,
       41.00413305332764
      ],
      [
       71.2299038829579,
       41.00402132138314
      ],
      [
       71.22975260892433,
       41.00438809292601
      ],
      [
       71.22943074927841,
       41.00422049558684
      ],
      [
       71.22953696296156,
       41.00404803990884
      ],
      [
       71.22949190261112,
       41.00402617929771
      ],
      [
       71.22939856331381,
       41.003970313258556
      ],
      [
       71.22945006085715,
       41.00390473132605
      ],
      [
       71.22955949313676,
       41.00363997397207
      ],
      [
       71.22876128121489,
       41.00345780086307
      ],
      [
       71.2285617282344,
       41.00377113829874
      ],
      [
       71.22846838893709,
       41.00373713275762
      ],
      [
       71.22825918016723,
       41.003686124413065
      ],
      [
       71.22787938578506,
       41.00360839733591
      ],
      [
       71.22707151807379,
       41.00342622413963
      ],
      [
       71.22651148228987,
       41.00330963302973
      ],
      [
       71.2264696405359,
       41.003433511077155
      ],
      [
       71.22630871071294,
       41.00341407924197
      ],
      [
       71.22615743667936,
       41.00405046886518
      ],
      [
       71.22562314966711,
       41.00402617929771
      ],
      [
       71.22547509422999,
       41.00595474309081
      ],
      [
       71.2244322689772,
       41.00590616535067
      ],
      [
       71.22422627880381,
       41.006994298147085
      ],
      [
       71.22369842898449,
       41.006906859568424
      ],
      [
       71.2236340570553,
       41.00703315970034
      ],
      [
       71.2238014240712,
       41.00709630967552
      ],
      [
       71.22364049424823,
       41.00752378483916
      ],
      [
       71.22400097705165,
       41.00754807311747
      ],
      [
       71.22388510757912,
       41.0077666672194
      ],
      [
       71.22425202757547,
       41.00790753858974
      ],
      [
       71.22403960020915,
       41.00860703334739
      ],
      [
       71.2244387061701,
       41.008738187787756
      ],
      [
       71.22423271599672,
       41.008849911734764
      ],
      [
       71.22416190687463,
       41.00918993997303
      ],
      [
       71.2243292738905,
       41.00918993997303
      ],
      [
       71.22434214827632,
       41.00947653383967
      ],
      [
       71.22401385143749,
       41.00952025143855
      ],
      [
       71.22400741424458,
       41.00990399356178
      ],
      [
       71.22472837985144,
       41.009869991185404
      ],
      [
       71.22474769143018,
       41.01019544178231
      ],
      [
       71.22477344020187,
       41.010457744078536
      ],
      [
       71.22459319880016,
       41.0105257482071
      ],
      [
       71.22458032441433,
       41.010486888713665
      ],
      [
       71.2243357110834,
       41.010457744078536
      ],
      [
       71.22438077143384,
       41.010268303636
      ],
      [
       71.22370164758095,
       41.01018572686241
      ],
      [
       71.22318989074391,
       41.01107949349834
      ],
      [
       71.22352462477569,
       41.01118635608898
      ],
      [
       71.22358255951195,
       41.01138550863632
      ],
      [
       71.22360187109071,
       41.01159437529532
      ],
      [
       71.22358899670488,
       41.011827527993
      ],
      [
       71.22364693144114,
       41.01186638669575
      ],
      [
       71.22362118266945,
       41.01193438937038
      ],
      [
       71.22389798196495,
       41.01208010915108
      ],
      [
       71.22369842898435,
       41.012298688217854
      ],
      [
       71.22424237178596,
       41.012426192338566
      ]
     ]
    ]
   },
   "properties": {
    "ext_key": "mahalla-dozanda",
    "name": "Do'zanda",
    "kind": "",
    "source": "survey"
   }
  },
  {
   "type": "Feature",
   "geometry": {
    "type": "Polygon",
    "coordinates": [
     [
      [
       71.25022771029954,
       41.004340728503806
      ],
      [
       71.25174045063537,
       41.00409783349601
      ],
      [
       71.25183057133623,
       41.003874369298174
      ],
      [
       71.25189816186187,
       41.00373348930574
      ],
      [
       71.25190781765124,
       41.003570748249956
      ],
      [
       71.2519593151946,
       41.00320640114567
      ],
      [
       71.2520236871238,
       41.00293921198901
      ],
      [
       71.25213311940341,
       41.00256757436082
      ],
      [
       71.25216852396446,
       41.00230524065564
      ],
      [
       71.25221036571843,
       41.00214006704631
      ],
      [
       71.25223611449012,
       41.00194088655506
      ],
      [
       71.25225542606888,
       41.001663976091464
      ],
      [
       71.25228439343701,
       41.00126804068829
      ],
      [
       71.25290236395718,
       41.000430010057485
      ],
      [
       71.25294420571115,
       41.00021867891174
      ],
      [
       71.25280580606339,
       40.999844596831586
      ],
      [
       71.25279293167753,
       40.999434075741775
      ],
      [
       71.25281224325632,
       40.99910371371815
      ],
      [
       71.25279615027401,
       40.9988146455892
      ],
      [
       71.25282833623861,
       40.99847699297619
      ],
      [
       71.25285408501028,
       40.998185492926304
      ],
      [
       71.25301179623678,
       40.9978138284931
      ],
      [
       71.25324353518184,
       40.99736199832057
      ],
      [
       71.25350746009148,
       40.99684943453667
      ],
      [
       71.25376494780824,
       40.996397597753706
      ],
      [
       71.25396771938517,
       40.99608665451263
      ],
      [
       71.25416083517273,
       40.99592632383085
      ],
      [
       71.25325640956768,
       40.99580971945371
      ],
      [
       71.25331112570748,
       40.99546233435761
      ],
      [
       71.2533722790402,
       40.995175679543145
      ],
      [
       71.25351067868796,
       40.994561067985366
      ],
      [
       71.25358792500298,
       40.99420638835247
      ],
      [
       71.25369413868613,
       40.99370594672069
      ],
      [
       71.2538067895622,
       40.99321036000179
      ],
      [
       71.25386150570203,
       40.99289940172704
      ],
      [
       71.25392265903474,
       40.99271962830539
      ],
      [
       71.25394518920996,
       40.99261516514598
      ],
      [
       71.25407393306833,
       40.99243296156487
      ],
      [
       71.25437326253902,
       40.99217058752344
      ],
      [
       71.2545245365726,
       40.9920661234941
      ],
      [
       71.25463075025579,
       40.991939794679354
      ],
      [
       71.25577657059526,
       40.99145391236679
      ],
      [
       71.25647178743047,
       40.991084639414424
      ],
      [
       71.25654259655256,
       40.99104576845703
      ],
      [
       71.25654903374549,
       40.99092429656742
      ],
      [
       71.25658121971009,
       40.99082226000722
      ],
      [
       71.25656834532423,
       40.990763953330486
      ],
      [
       71.25651041058796,
       40.99072022328909
      ],
      [
       71.256349480765,
       40.990642480921686
      ],
      [
       71.25602118392617,
       40.99054044392534
      ],
      [
       71.25582806813861,
       40.99045784243169
      ],
      [
       71.25559632919355,
       40.99038495867489
      ],
      [
       71.25533240428388,
       40.99031207483751
      ],
      [
       71.25440544850362,
       40.990015679735514
      ],
      [
       71.25390978464891,
       40.98983103949024
      ],
      [
       71.25383897552679,
       40.989476334410426
      ],
      [
       71.2535557390384,
       40.98913620445957
      ],
      [
       71.2534205579871,
       40.98888839439053
      ],
      [
       71.25336262325082,
       40.98869889194462
      ],
      [
       71.2531823818491,
       40.988349039844394
      ],
      [
       71.25307938676241,
       40.988086649551065
      ],
      [
       71.25295708009696,
       40.98781939910492
      ],
      [
       71.25290558255362,
       40.98764447095365
      ],
      [
       71.25280258746693,
       40.98747440147279
      ],
      [
       71.25275752711649,
       40.98741609183553
      ],
      [
       71.25275108992358,
       40.987333486427794
      ],
      [
       71.25270602957313,
       40.987197430236535
      ],
      [
       71.25264809483687,
       40.9870516554344
      ],
      [
       71.25271246676604,
       40.98674552730092
      ],
      [
       71.25242923027764,
       40.986473412211424
      ],
      [
       71.25190781765124,
       40.98710024707091
      ],
      [
       71.25195287800166,
       40.98715855698748
      ],
      [
       71.25170826467077,
       40.987527851928334
      ],
      [
       71.25163101835575,
       40.98753271105849
      ],
      [
       71.25111604292226,
       40.988251858375996
      ],
      [
       71.25102592222143,
       40.9885871338366
      ],
      [
       71.25094223871348,
       40.98877177756519
      ],
      [
       71.25123191239481,
       40.98916535852411
      ],
      [
       71.25103235941434,
       40.98920908959674
      ],
      [
       71.25066543941799,
       40.9893742956094
      ],
      [
       71.24973848363773,
       40.98971928330113
      ],
      [
       71.24870853277078,
       40.990122576483294
      ],
      [
       71.24721510401369,
       40.99060846860712
      ],
      [
       71.24510370473642,
       40.99125955843914
      ],
      [
       71.24507795596476,
       40.9915219361061
      ],
      [
       71.24539337841777,
       40.99156080678277
      ],
      [
       71.24563799174867,
       40.99192035945559
      ],
      [
       71.24563155455576,
       40.99196894750423
      ],
      [
       71.24600491174503,
       40.99158024211252
      ],
      [
       71.24677737489525,
       40.99195437109341
      ],
      [
       71.24651344998557,
       40.99213900539247
      ],
      [
       71.24606928367422,
       40.99193493587394
      ],
      [
       71.24583754472914,
       40.99212928781067
      ],
      [
       71.24596628858751,
       40.99243053218038
      ],
      [
       71.24547706192571,
       40.99244996725374
      ],
      [
       71.24549637350447,
       40.993130191211904
      ],
      [
       71.2458568563079,
       40.993450865786514
      ],
      [
       71.24559293139825,
       40.993616061170776
      ],
      [
       71.24567017771327,
       40.99368894135576
      ],
      [
       71.24559293139825,
       40.993800690816265
      ],
      [
       71.24553499666196,
       40.99382984281829
      ],
      [
       71.24574098683536,
       40.993965885323945
      ],
      [
       71.24607572086713,
       40.99370351738309
      ],
      [
       71.2461787159538,
       40.993771538801354
      ],
      [
       71.24646517103871,
       40.99360877314784
      ],
      [
       71.24627205525114,
       40.993450865786514
      ],
      [
       71.24646838963515,
       40.99337555598868
      ],
      [
       71.24636539454846,
       40.993220077424226
      ],
      [
       71.24682243524566,
       40.9930014350726
      ],
      [
       71.24684818401735,
       40.99304030487699
      ],
      [
       71.24691255594652,
       40.99302086997766
      ],
      [
       71.24707992296241,
       40.99316420222556
      ],
      [
       71.24716360647035,
       40.99310103890049
      ],
      [
       71.24759811699235,
       40.993531034186454
      ],
      [
       71.24743718716938,
       40.993633066554466
      ],
      [
       71.24747902892334,
       40.99366464796971
      ],
      [
       71.24722154120661,
       40.99388328812185
      ],
      [
       71.24702520682258,
       40.993715664070066
      ],
      [
       71.24697692787572,
       40.9937448161097
      ],
      [
       71.24691255594652,
       40.993820125485705
      ],
      [
       71.24700589524384,
       40.99393187472384
      ],
      [
       71.24702198822615,
       40.993944021368755
      ],
      [
       71.2468514026138,
       40.99403633579689
      ],
      [
       71.24699302085801,
       40.994169948556056
      ],
      [
       71.24677415629878,
       40.99430599035986
      ],
      [
       71.24626883665468,
       40.99398289061742
      ],
      [
       71.24616906016445,
       40.9940800636388
      ],
      [
       71.24640079910951,
       40.99431813693584
      ],
      [
       71.24615940437506,
       40.99446389567297
      ],
      [
       71.2463074598122,
       40.99460236617474
      ],
      [
       71.24616584156797,
       40.99467524526936
      ],
      [
       71.24635252016263,
       40.99482829110586
      ],
      [
       71.24628492963699,
       40.994830720401986
      ],
      [
       71.24638792472368,
       40.99491331641703
      ],
      [
       71.24586973069373,
       40.99519754308984
      ],
      [
       71.24582467034331,
       40.99518782595886
      ],
      [
       71.24574098683536,
       40.9955376417716
      ],
      [
       71.24565086613451,
       40.99559837349444
      ],
      [
       71.24536441104964,
       40.995702831926806
      ],
      [
       71.2450200212285,
       40.99581700723331
      ],
      [
       71.24468528719675,
       40.99591660680729
      ],
      [
       71.24421859071015,
       40.9960988007605
      ],
      [
       71.2442057163243,
       40.9961085177572
      ],
      [
       71.24426686965704,
       40.99632472056316
      ],
      [
       71.24434411597207,
       40.99664295036958
      ],
      [
       71.243993288958,
       40.99667210111474
      ],
      [
       71.2440158191332,
       40.99674983637211
      ],
      [
       71.24420893492078,
       40.99675955327284
      ],
      [
       71.24425399527118,
       40.99691988192804
      ],
      [
       71.24427652544641,
       40.99701219218898
      ],
      [
       71.24427008825347,
       40.997369285928556
      ],
      [
       71.24424755807827,
       40.99742515756314
      ],
      [
       71.24427652544641,
       40.99745916636101
      ],
      [
       71.24425721386766,
       40.997536900690235
      ],
      [
       71.24422180930661,
       40.99776524475217
      ],
      [
       71.24495886789578,
       40.99784783709045
      ],
      [
       71.24489771456304,
       40.998287518090414
      ],
      [
       71.24487518438782,
       40.99842112223317
      ],
      [
       71.24561868016991,
       40.998503713749585
      ],
      [
       71.24555430824073,
       40.999050272646954
      ],
      [
       71.24570558227433,
       40.999074564048335
      ],
      [
       71.24558649420533,
       40.99990775369539
      ],
      [
       71.24641045489888,
       40.99988346260108
      ],
      [
       71.24647482682806,
       40.999953906749894
      ],
      [
       71.24685462121023,
       41.00002677992805
      ],
      [
       71.24726660155702,
       41.000233253495274
      ],
      [
       71.24718291804909,
       41.00032070092877
      ],
      [
       71.24611756262108,
       41.00107128662781
      ],
      [
       71.24559293139825,
       41.001724702169945
      ],
      [
       71.24500070964972,
       41.00240483042595
      ],
      [
       71.24606928367419,
       41.002703598833904
      ],
      [
       71.24670978436959,
       41.00285176802975
      ],
      [
       71.24733419208268,
       41.00300722387712
      ],
      [
       71.24798756716389,
       41.00316510834678
      ],
      [
       71.24910442013524,
       41.003417722711504
      ],
      [
       71.2504047331048,
       41.00367276507822
      ],
      [
       71.25032426819332,
       41.00385493759299
      ],
      [
       71.25022771029954,
       41.004340728503806
      ]
     ]
    ]
   },
   "properties": {
    "ext_key": "mahalla-gulistom",
    "name": "Gulistom",
    "kind": "",
    "source": "survey"
   }
  },
  {
   "type": "Feature",
   "geometry": {
    "type": "Polygon",
    "coordinates": [
     [
      [
       71.2375956034958,
       41.02759740514645
      ],
      [
       71.238296368108,
       41.027503856305444
      ],
      [
       71.24014242930002,
       41.02711339014019
      ],
      [
       71.24193673176703,
       41.02667085902051
      ],
      [
       71.2436620226007,
       41.0261502303663
      ],
      [
       71.24832462107871,
       41.02569467691727
      ],
      [
       71.24782428673694,
       41.02474125842788
      ],
      [
       71.24736708466602,
       41.024881180776916
      ],
      [
       71.24607742976787,
       41.02419458221438
      ],
      [
       71.24607311654079,
       41.02419458221438
      ],
      [
       71.24609036944912,
       41.02415553373976
      ],
      [
       71.24657345088251,
       41.023263920602645
      ],
      [
       71.24682793128048,
       41.02250896882601
      ],
      [
       71.24708672490553,
       41.021688924836944
      ],
      [
       71.24733904868998,
       41.02089165022496
      ],
      [
       71.24865458295065,
       41.020937209034216
      ],
      [
       71.24878397976318,
       41.02077124464882
      ],
      [
       71.24924980828825,
       41.02080053251193
      ],
      [
       71.2492670611966,
       41.02068012676921
      ],
      [
       71.2488314252611,
       41.02062805935284
      ],
      [
       71.24877104008192,
       41.020370975881114
      ],
      [
       71.24905571306947,
       41.02036121319785
      ],
      [
       71.24918942310907,
       41.020045552325996
      ],
      [
       71.24928000087786,
       41.01960948224135
      ],
      [
       71.2492778442643,
       41.019309275598445
      ],
      [
       71.24957330031955,
       41.01912540852361
      ],
      [
       71.24975661247063,
       41.018930150891045
      ],
      [
       71.25056534254894,
       41.01902452548573
      ],
      [
       71.25075728115418,
       41.01911401851095
      ],
      [
       71.25097294250838,
       41.01909937420606
      ],
      [
       71.2513783858543,
       41.01904730554005
      ],
      [
       71.2515573847783,
       41.019078221315446
      ],
      [
       71.25165658900123,
       41.01884553907052
      ],
      [
       71.25153366202933,
       41.01844119069656
      ],
      [
       71.25154228848349,
       41.01844769934194
      ],
      [
       71.25135250649178,
       41.01817433568168
      ],
      [
       71.25130074776678,
       41.01818735302456
      ],
      [
       71.25132662712929,
       41.018018127366446
      ],
      [
       71.25149915621265,
       41.01761784186778
      ],
      [
       71.25182696147107,
       41.01713619430357
      ],
      [
       71.25218495931905,
       41.01693442197997
      ],
      [
       71.25227553708783,
       41.016683832911184
      ],
      [
       71.25292683437753,
       41.016299811449485
      ],
      [
       71.25297427987545,
       41.015316966664244
      ],
      [
       71.25293653913846,
       41.01438628131056
      ],
      [
       71.25292144284367,
       41.01437763648278
      ],
      [
       71.25290863795078,
       41.014377534778916
      ],
      [
       71.25226583232687,
       41.01436868654001
      ],
      [
       71.25208791170968,
       41.01436187238213
      ],
      [
       71.24965309502079,
       41.01449205322925
      ],
      [
       71.24999383996042,
       41.013902982844385
      ],
      [
       71.2499205151,
       41.013818364780214
      ],
      [
       71.24957114370619,
       41.013961564665486
      ],
      [
       71.24934254267077,
       41.01414707342197
      ],
      [
       71.24909668872698,
       41.01427725469354
      ],
      [
       71.248583414704,
       41.01501602853738
      ],
      [
       71.2484497046644,
       41.015165735002796
      ],
      [
       71.2482642358998,
       41.0153317135124
      ],
      [
       71.24788898514348,
       41.0155855621888
      ],
      [
       71.24720318203714,
       41.01604444000604
      ],
      [
       71.2468581238704,
       41.01537727616738
      ],
      [
       71.24550377056605,
       41.013525454303256
      ],
      [
       71.24419254953253,
       41.012308235481456
      ],
      [
       71.24671147414956,
       41.01178749328811
      ],
      [
       71.24667696833289,
       41.01178098398465
      ],
      [
       71.2467028476954,
       41.011527120647955
      ],
      [
       71.24585745518694,
       41.01154664863166
      ],
      [
       71.24611624881197,
       41.010850146967904
      ],
      [
       71.24565904674107,
       41.010596280044574
      ],
      [
       71.2460299842703,
       41.00992580628753
      ],
      [
       71.24552964992857,
       41.0097012286008
      ],
      [
       71.24465406483051,
       41.00904701967244
      ],
      [
       71.24481365423263,
       41.00886637874931
      ],
      [
       71.24436507861591,
       41.00859134792439
      ],
      [
       71.2440976585367,
       41.00879640060097
      ],
      [
       71.24296327981361,
       41.00821541635998
      ],
      [
       71.2428446660688,
       41.00840582352429
      ],
      [
       71.2425513666271,
       41.00850672282422
      ],
      [
       71.24243922272292,
       41.008124281112266
      ],
      [
       71.2422019952333,
       41.00779228735824
      ],
      [
       71.24184184077178,
       41.007845992343626
      ],
      [
       71.24194535822178,
       41.008277258063416
      ],
      [
       71.24160892650923,
       41.00830166924618
      ],
      [
       71.24134150643003,
       41.00833421747576
      ],
      [
       71.24130807892014,
       41.00829312533324
      ],
      [
       71.24086165991696,
       41.00835659437429
      ],
      [
       71.2405918136475,
       41.0083718513462
      ],
      [
       71.24060151840844,
       41.008456476619564
      ],
      [
       71.24061984962356,
       41.009270989318495
      ],
      [
       71.24043330255216,
       41.00926122499012
      ],
      [
       71.24033625494276,
       41.00925634282539
      ],
      [
       71.240245677174,
       41.00924251002336
      ],
      [
       71.23988660101926,
       41.00918229661121
      ],
      [
       71.23938303175721,
       41.00908302574317
      ],
      [
       71.23932588149836,
       41.009036645038215
      ],
      [
       71.23899807623997,
       41.00896951501269
      ],
      [
       71.23899484131968,
       41.00896585337296
      ],
      [
       71.23891289000508,
       41.00894632462433
      ],
      [
       71.23880721594152,
       41.00892191368042
      ],
      [
       71.23869938526443,
       41.00889424793304
      ],
      [
       71.23849235036438,
       41.00883077940987
      ],
      [
       71.23859586781441,
       41.00864037347355
      ],
      [
       71.23868213235609,
       41.00857690470584
      ],
      [
       71.23942616402806,
       41.00866315711884
      ],
      [
       71.23954477777288,
       41.00857690470584
      ],
      [
       71.23955340422705,
       41.00838324321624
      ],
      [
       71.2389042635509,
       41.00825305029825
      ],
      [
       71.23877702335193,
       41.00834255795701
      ],
      [
       71.23799848586327,
       41.00834418536786
      ],
      [
       71.23796829327367,
       41.00840277213176
      ],
      [
       71.23822061705809,
       41.0084304380855
      ],
      [
       71.23824433980705,
       41.008671294133116
      ],
      [
       71.23796829327365,
       41.01008060984508
      ],
      [
       71.23756716315484,
       41.010035043526884
      ],
      [
       71.23757578960902,
       41.0098983443832
      ],
      [
       71.23716171980895,
       41.009852777938946
      ],
      [
       71.23670020451097,
       41.00974537119567
      ],
      [
       71.23683175793704,
       41.009543576234805
      ],
      [
       71.23648669977031,
       41.009450815440616
      ],
      [
       71.23622197545802,
       41.009364157212275
      ],
      [
       71.23640326578389,
       41.00850987592487
      ],
      [
       71.2360393372487,
       41.00838843058502
      ],
      [
       71.2360393372487,
       41.00838924428989
      ],
      [
       71.23604041555546,
       41.008390057994745
      ],
      [
       71.2352284505569,
       41.008292820193475
      ],
      [
       71.23513787278814,
       41.00841162116971
      ],
      [
       71.23508395744958,
       41.00852553971288
      ],
      [
       71.23498475322667,
       41.00864759507628
      ],
      [
       71.23482085059746,
       41.00888031334267
      ],
      [
       71.234771248486,
       41.00915859774297
      ],
      [
       71.23484241673287,
       41.00939945112891
      ],
      [
       71.23495024741,
       41.00965006790662
      ],
      [
       71.23501494581622,
       41.00979978656573
      ],
      [
       71.23501278920267,
       41.00993811328538
      ],
      [
       71.2350041627485,
       41.01001622706934
      ],
      [
       71.23503004211105,
       41.01010247759824
      ],
      [
       71.23495024740996,
       41.010169199628024
      ],
      [
       71.2348143807568,
       41.01041818611831
      ],
      [
       71.23475399557762,
       41.01056139360806
      ],
      [
       71.23475399557762,
       41.010672053727866
      ],
      [
       71.23479281462137,
       41.010761558100576
      ],
      [
       71.23468929717136,
       41.01107400877583
      ],
      [
       71.23463106860572,
       41.01126115300199
      ],
      [
       71.23463538183282,
       41.011448296696585
      ],
      [
       71.2346806707172,
       41.011581737962864
      ],
      [
       71.2343722749807,
       41.01243282650934
      ],
      [
       71.23421484219213,
       41.012637867230815
      ],
      [
       71.23425797446298,
       41.01292427224975
      ],
      [
       71.23436149191299,
       41.01336852302583
      ],
      [
       71.23430973318797,
       41.01351172410275
      ],
      [
       71.23416955330774,
       41.013663061266186
      ],
      [
       71.2340746623119,
       41.013628888388695
      ],
      [
       71.2335096295639,
       41.01341571432421
      ],
      [
       71.23331337773158,
       41.01341734160977
      ],
      [
       71.23320554705447,
       41.01351823323522
      ],
      [
       71.23283029629816,
       41.013480805714764
      ],
      [
       71.23267070689606,
       41.013562169862524
      ],
      [
       71.23212724028348,
       41.01352311508414
      ],
      [
       71.23201860087629,
       41.013630719845196
      ],
      [
       71.23169942207208,
       41.014011094740944
      ],
      [
       71.23226150486452,
       41.01432658165148
      ],
      [
       71.23301495633267,
       41.01461480946427
      ],
      [
       71.23285321031702,
       41.01477428035425
      ],
      [
       71.23266774155242,
       41.0149435143459
      ],
      [
       71.23323995818814,
       41.01522029211379
      ],
      [
       71.23324639538107,
       41.015516573884504
      ],
      [
       71.23323061768683,
       41.01551142139047
      ],
      [
       71.23323995818815,
       41.01553114508475
      ],
      [
       71.23360848748264,
       41.01563678619016
      ],
      [
       71.23344112046675,
       41.01660333372527
      ],
      [
       71.23497317238134,
       41.01684618263546
      ],
      [
       71.23508099536281,
       41.016487980179306
      ],
      [
       71.23516628816891,
       41.016559620826364
      ],
      [
       71.23532721799187,
       41.01660333372527
      ],
      [
       71.2356877007953,
       41.0167199013139
      ],
      [
       71.23604284174557,
       41.0161232584584
      ],
      [
       71.23657768190398,
       41.01605816967873
      ],
      [
       71.2364971778049,
       41.017231096323975
      ],
      [
       71.23638774552528,
       41.01780421285335
      ],
      [
       71.23657768190398,
       41.018362273319816
      ],
      [
       71.23626712955394,
       41.01984622960426
      ],
      [
       71.23738856859578,
       41.02019768803791
      ],
      [
       71.23749208604579,
       41.020236738859225
      ],
      [
       71.23852726054595,
       41.02064026265697
      ],
      [
       71.2385962721793,
       41.02134967753343
      ],
      [
       71.23842374309594,
       41.02220877522731
      ],
      [
       71.2375956034958,
       41.025202512952646
      ],
      [
       71.2375956034958,
       41.02759740514645
      ]
     ]
    ]
   },
   "properties": {
    "ext_key": "mahalla-mehnatobod",
    "name": "Mehnatobod",
    "kind": "",
    "source": "survey"
   }
  },
  {
   "type": "Feature",
   "geometry": {
    "type": "Polygon",
    "coordinates": [
     [
      [
       71.21210102129237,
       40.99430113172877
      ],
      [
       71.2129056704072,
       40.994534345613644
      ],
      [
       71.21292498198595,
       40.99448697411005
      ],
      [
       71.21342225513891,
       40.994618156651995
      ],
      [
       71.21381170531046,
       40.99472018733749
      ],
      [
       71.21415770442984,
       40.994846510824544
      ],
      [
       71.21445381530408,
       40.99494368257294
      ],
      [
       71.21485453056327,
       40.995083366710325
      ],
      [
       71.21517156231448,
       40.995199972372276
      ],
      [
       71.21530835266402,
       40.99500077090834
      ],
      [
       71.21542583143476,
       40.99481735927209
      ],
      [
       71.21563182160817,
       40.99451126719306
      ],
      [
       71.21583137458865,
       40.994585361040976
      ],
      [
       71.21608886230537,
       40.99418573913688
      ],
      [
       71.2164107219513,
       40.99431692227826
      ],
      [
       71.21680982791224,
       40.99447239825593
      ],
      [
       71.21722180825901,
       40.99463759108045
      ],
      [
       71.2176611466757,
       40.994802783491025
      ],
      [
       71.21817290351271,
       40.99500077090834
      ],
      [
       71.21789932281368,
       40.99545140262898
      ],
      [
       71.21781403000752,
       40.99558622715425
      ],
      [
       71.21822118245962,
       40.99571011971814
      ],
      [
       71.21790093211193,
       40.996136454114634
      ],
      [
       71.21853821421085,
       40.99619232679414
      ],
      [
       71.21899364560981,
       40.99624091169436
      ],
      [
       71.21919963578323,
       40.996044142627326
      ],
      [
       71.21962449051583,
       40.99619718528578
      ],
      [
       71.22043557682358,
       40.996481406423094
      ],
      [
       71.2206125996288,
       40.99628342345267
      ],
      [
       71.22069346686487,
       40.99631378897753
      ],
      [
       71.22073048072416,
       40.99632745345916
      ],
      [
       71.2207687015571,
       40.99634779834878
      ],
      [
       71.22082462467058,
       40.9963751272951
      ],
      [
       71.2209046872575,
       40.99641642434804
      ],
      [
       71.22096463361655,
       40.99644952270268
      ],
      [
       71.22102860322119,
       40.996488997782826
      ],
      [
       71.22108090541364,
       40.996520577829905
      ],
      [
       71.22110464256252,
       40.996536975156076
      ],
      [
       71.22112797738684,
       40.99655397978633
      ],
      [
       71.2211501052375,
       40.99657219902815
      ],
      [
       71.22119476326338,
       40.99660681557373
      ],
      [
       71.2212293631753,
       40.99664629055966
      ],
      [
       71.22129655137638,
       40.99672129296783
      ],
      [
       71.22133316291111,
       40.996772914008886
      ],
      [
       71.22136172795469,
       40.99681208524248
      ],
      [
       71.22147518347988,
       40.996868261001964
      ],
      [
       71.22154840654932,
       40.99690409200192
      ],
      [
       71.22161720404864,
       40.99693901202553
      ],
      [
       71.22165421790791,
       40.99688860572467
      ],
      [
       71.22170128988114,
       40.9968269642321
      ],
      [
       71.22174112001231,
       40.9967744322742
      ],
      [
       71.22176807575767,
       40.99674194138912
      ],
      [
       71.22177692689793,
       40.996744066961526
      ],
      [
       71.22185095461649,
       40.99675196194416
      ],
      [
       71.22196159386978,
       40.9967622861508
      ],
      [
       71.22202475882527,
       40.996768055559706
      ],
      [
       71.22217281426241,
       40.99678171994716
      ],
      [
       71.22226373961239,
       40.996790829537225
      ],
      [
       71.22234702079575,
       40.996797813555425
      ],
      [
       71.22238202303224,
       40.996828178843344
      ],
      [
       71.22244518798776,
       40.996854900285136
      ],
      [
       71.2224323136019,
       40.99694872889836
      ],
      [
       71.22240173693552,
       40.99718071881214
      ],
      [
       71.22258358763546,
       40.99748315469883
      ],
      [
       71.22276382903718,
       40.997773443260854
      ],
      [
       71.22249990412753,
       40.998233772711
      ],
      [
       71.22230356974354,
       40.99857021199078
      ],
      [
       71.22205895641265,
       40.99858721609651
      ],
      [
       71.22201389606222,
       40.99896494902858
      ],
      [
       71.22197366360649,
       40.999216364924955
      ],
      [
       71.22152466940042,
       40.99915320739868
      ],
      [
       71.22148443694468,
       40.99943255753757
      ],
      [
       71.22127844677131,
       40.999393691502185
      ],
      [
       71.22122694922795,
       40.999625672811014
      ],
      [
       71.22118510747399,
       40.99982971852295
      ],
      [
       71.2210788937908,
       41.00005684009037
      ],
      [
       71.22107889379083,
       41.00006807469305
      ],
      [
       71.22108613563287,
       41.000088114790344
      ],
      [
       71.22130540251665,
       41.000158558720436
      ],
      [
       71.22122010971047,
       41.000246613527146
      ],
      [
       71.22121487949124,
       41.00025147171996
      ],
      [
       71.22121125857022,
       41.00025906264551
      ],
      [
       71.22120039580716,
       41.00027394085704
      ],
      [
       71.2211549331322,
       41.00034742095456
      ],
      [
       71.22106601940501,
       41.00048193182991
      ],
      [
       71.22108251471187,
       41.00050318634492
      ],
      [
       71.22117746330738,
       41.000516546322274
      ],
      [
       71.22130459786753,
       41.000534764468846
      ],
      [
       71.22138586742814,
       41.00054782080412
      ],
      [
       71.22154036005819,
       41.000569682569036
      ],
      [
       71.22171939448621,
       41.000594580681366
      ],
      [
       71.22171175031963,
       41.0006871894312
      ],
      [
       71.22171537124065,
       41.00074852367915
      ],
      [
       71.22178416873994,
       41.0007482200444
      ],
      [
       71.22178416873994,
       41.00081137604233
      ],
      [
       71.22178658268729,
       41.000823217785204
      ],
      [
       71.22178457106452,
       41.00084325765292
      ],
      [
       71.22177934084527,
       41.00090823536388
      ],
      [
       71.22177330597688,
       41.00097017667358
      ],
      [
       71.22176888040676,
       41.00103606515971
      ],
      [
       71.22172060145988,
       41.00103059975784
      ],
      [
       71.22174353395965,
       41.00111683160124
      ],
      [
       71.22190486610717,
       41.001123207895034
      ],
      [
       71.22205211689517,
       41.00114172950684
      ],
      [
       71.22221827693738,
       41.00116207291056
      ],
      [
       71.22231805342761,
       41.00117330732485
      ],
      [
       71.22247053443488,
       41.00118727443182
      ],
      [
       71.22259646202131,
       41.00119911610715
      ],
      [
       71.22266284557331,
       41.0012048851277
      ],
      [
       71.22276825460733,
       41.001205492393
      ],
      [
       71.22285998460643,
       41.00120609965828
      ],
      [
       71.22294809368448,
       41.00121095778037
      ],
      [
       71.22306396315703,
       41.00122006675832
      ],
      [
       71.22315368153332,
       41.00122644304214
      ],
      [
       71.22327236727774,
       41.0012282648374
      ],
      [
       71.2233737530662,
       41.001226443042135
      ],
      [
       71.22344737846021,
       41.001225835777035
      ],
      [
       71.22362802218649,
       41.00122674667469
      ],
      [
       71.22372860332585,
       41.001241017402826
      ],
      [
       71.22388148665765,
       41.001265004364434
      ],
      [
       71.22403638161224,
       41.00128777678826
      ],
      [
       71.2240452327525,
       41.001270773379204
      ],
      [
       71.22408546520822,
       41.001207617821485
      ],
      [
       71.2241216744184,
       41.00115144576016
      ],
      [
       71.22417719520732,
       41.00106612486192
      ],
      [
       71.22421501371572,
       41.00100691634448
      ],
      [
       71.2242443834084,
       41.00096319309746
      ],
      [
       71.22427978796945,
       41.00089001732055
      ],
      [
       71.22431197393404,
       41.000830201376154
      ],
      [
       71.22433651573203,
       41.00077919078172
      ],
      [
       71.22435260871434,
       41.000748827313906
      ],
      [
       71.22438761095083,
       41.00074700550538
      ],
      [
       71.22456141515963,
       41.000733949209554
      ],
      [
       71.22470464270205,
       41.00068779670126
      ],
      [
       71.22479959129761,
       41.00067079313744
      ],
      [
       71.22492672585776,
       41.000636785996605
      ],
      [
       71.22503454883913,
       41.00063071329103
      ],
      [
       71.22513432532936,
       41.0006076370048
      ],
      [
       71.2252244460302,
       41.00058820433641
      ],
      [
       71.22523732041607,
       41.00028213905381
      ],
      [
       71.22514076252227,
       41.000110887620814
      ],
      [
       71.2250715626984,
       40.9999870033281
      ],
      [
       71.22520191585501,
       40.99972951758264
      ],
      [
       71.22527111567886,
       40.99965785863494
      ],
      [
       71.22532261322222,
       40.99961291993306
      ],
      [
       71.22550929181685,
       40.99952911524502
      ],
      [
       71.22556722655311,
       40.99927770054159
      ],
      [
       71.22558653813186,
       40.99893519201119
      ],
      [
       71.225692751815,
       40.99885138646146
      ],
      [
       71.2256106776053,
       40.99856596096366
      ],
      [
       71.22585207233973,
       40.998528308997216
      ],
      [
       71.2263300339139,
       40.998619402427515
      ],
      [
       71.22678868390935,
       40.99869834996528
      ],
      [
       71.22721675723841,
       40.998773653682406
      ],
      [
       71.2273084872375,
       40.99854895685245
      ],
      [
       71.22744366828879,
       40.99825624253593
      ],
      [
       71.2275917237259,
       40.9979331621546
      ],
      [
       71.22774138846125,
       40.997584573651366
      ],
      [
       71.22785243003909,
       40.99733922454027
      ],
      [
       71.2279731274063,
       40.9970720115982
      ],
      [
       71.22809865266822,
       40.996799939126056
      ],
      [
       71.22829820564868,
       40.996359033583666
      ],
      [
       71.22836418687609,
       40.9961646941162
      ],
      [
       71.22844304248935,
       40.995921768976174
      ],
      [
       71.2285267259973,
       40.99569220389614
      ],
      [
       71.22859592582117,
       40.99548085756012
      ],
      [
       71.22865546985564,
       40.99529623262014
      ],
      [
       71.22868765582024,
       40.995216066366766
      ],
      [
       71.22873754406535,
       40.995082455727854
      ],
      [
       71.22881479038038,
       40.994897829672084
      ],
      [
       71.2288695065202,
       40.99477515023066
      ],
      [
       71.22897572020334,
       40.994510356202696
      ],
      [
       71.22913343142984,
       40.994369456194626
      ],
      [
       71.22912699423689,
       40.99428078620756
      ],
      [
       71.22894675283518,
       40.99426135167393
      ],
      [
       71.22913986862272,
       40.993828931818435
      ],
      [
       71.2293716075678,
       40.99313899763679
      ],
      [
       71.22959690931992,
       40.99255109027739
      ],
      [
       71.22980933668622,
       40.991963177675395
      ],
      [
       71.22995095493044,
       40.99151130740154
      ],
      [
       71.23014407071798,
       40.99103028080363
      ],
      [
       71.23026637738342,
       40.99068044107358
      ],
      [
       71.23043374439929,
       40.99002448657652
      ],
      [
       71.23063973457268,
       40.98954830811276
      ],
      [
       71.23064617176561,
       40.989521583709305
      ],
      [
       71.2301666008932,
       40.98943169245456
      ],
      [
       71.22961943949514,
       40.98933086833384
      ],
      [
       71.22912538493867,
       40.98922882930768
      ],
      [
       71.22879547880162,
       40.9891693064695
      ],
      [
       71.22803428073904,
       40.98901260323042
      ],
      [
       71.2273511336406,
       40.989018677006335
      ],
      [
       71.22710491101147,
       40.98916444745994
      ],
      [
       71.22699065083715,
       40.98923976206804
      ],
      [
       71.22693754399558,
       40.98928227834107
      ],
      [
       71.22681684662835,
       40.98941590073499
      ],
      [
       71.22671867943637,
       40.98964548767038
      ],
      [
       71.22663821452488,
       40.98988357698123
      ],
      [
       71.22655614031517,
       40.99012895384072
      ],
      [
       71.2265464845258,
       40.99033545841089
      ],
      [
       71.22632118277366,
       40.99032574056326
      ],
      [
       71.22615703435424,
       40.99032817002531
      ],
      [
       71.22602185330297,
       40.99034031733416
      ],
      [
       71.22574505400749,
       40.99036096775408
      ],
      [
       71.22542319436157,
       40.99037068559652
      ],
      [
       71.2251367392767,
       40.99047758176874
      ],
      [
       71.22474407050869,
       40.99059541030322
      ],
      [
       71.2242548438469,
       40.99073631837724
      ],
      [
       71.22419047191771,
       40.99055289487691
      ],
      [
       71.22413897437436,
       40.99039862438552
      ],
      [
       71.22403919788412,
       40.990124094901866
      ],
      [
       71.22399896542838,
       40.989981970782075
      ],
      [
       71.22396356086733,
       40.98979004199734
      ],
      [
       71.22395390507796,
       40.98965156138796
      ],
      [
       71.22393459349921,
       40.98950822150352
      ],
      [
       71.22391045402576,
       40.989324794586686
      ],
      [
       71.22390562613107,
       40.98924097681906
      ],
      [
       71.22386217507888,
       40.98901867700633
      ],
      [
       71.22383159841253,
       40.98882067162401
      ],
      [
       71.22382194262313,
       40.988713772765536
      ],
      [
       71.22379136595679,
       40.988525484581984
      ],
      [
       71.2237656171851,
       40.988306826661834
      ],
      [
       71.22375596139574,
       40.98819749742986
      ],
      [
       71.22372055683468,
       40.98791809968011
      ],
      [
       71.22370607315062,
       40.98775410479738
      ],
      [
       71.22369158946655,
       40.98763991552704
      ],
      [
       71.2236771057825,
       40.98746134254829
      ],
      [
       71.22364813841436,
       40.98723053321985
      ],
      [
       71.22361595244976,
       40.986981501196226
      ],
      [
       71.2235902036781,
       40.986806570822175
      ],
      [
       71.22352905034536,
       40.98642512381397
      ],
      [
       71.22352583174889,
       40.9861311408562
      ],
      [
       71.22355158052056,
       40.9860145191545
      ],
      [
       71.2236674499931,
       40.9857351121552
      ],
      [
       71.22376078929042,
       40.98545084468882
      ],
      [
       71.2238959703417,
       40.985166575997056
      ],
      [
       71.22405046297173,
       40.98481427549065
      ],
      [
       71.22387022157001,
       40.98480212716375
      ],
      [
       71.22278877315975,
       40.984364785905164
      ],
      [
       71.22261175035449,
       40.984403660801156
      ],
      [
       71.22229954649796,
       40.98429189541343
      ],
      [
       71.22224161176169,
       40.984403660801156
      ],
      [
       71.22217402123604,
       40.98449598858726
      ],
      [
       71.22197768685206,
       40.98442066856092
      ],
      [
       71.22183606860786,
       40.98444496535303
      ],
      [
       71.22162685983801,
       40.98435263749547
      ],
      [
       71.2212084422983,
       40.98418012983629
      ],
      [
       71.22040379318354,
       40.983847261669204
      ],
      [
       71.22004331038012,
       40.98370147946116
      ],
      [
       71.21917750793259,
       40.983375898032996
      ],
      [
       71.21838895180011,
       40.98308676093957
      ],
      [
       71.21759395847471,
       40.98281463075248
      ],
      [
       71.21685368128911,
       40.98257408617003
      ],
      [
       71.21684080690326,
       40.98257287129618
      ],
      [
       71.21677321637762,
       40.98274659803026
      ],
      [
       71.21673056997454,
       40.98285229169353
      ],
      [
       71.2166702212909,
       40.98300111294373
      ],
      [
       71.21662113769491,
       40.98312988861166
      ],
      [
       71.21654147743256,
       40.98333094823194
      ],
      [
       71.21649963567859,
       40.98343481867177
      ],
      [
       71.21643043585472,
       40.98361947682751
      ],
      [
       71.21636686857465,
       40.98378044486386
      ],
      [
       71.2162984733999,
       40.983947486750324
      ],
      [
       71.21620593875168,
       40.9841868114794
      ],
      [
       71.2161463947172,
       40.98433805940089
      ],
      [
       71.21605386006898,
       40.98457434562016
      ],
      [
       71.21594362314026,
       40.98485436495352
      ],
      [
       71.21585108849207,
       40.9850876122541
      ],
      [
       71.21579717700138,
       40.98522731727347
      ],
      [
       71.21571268884432,
       40.985440518710796
      ],
      [
       71.21565797270449,
       40.985576578527024
      ],
      [
       71.21559440542443,
       40.985738149194184
      ],
      [
       71.21549865217978,
       40.98597625261372
      ],
      [
       71.21544956858376,
       40.9861013780457
      ],
      [
       71.21536266647935,
       40.986324902498346
      ],
      [
       71.21527415507677,
       40.98654295959025
      ],
      [
       71.21518805762148,
       40.98676162335947
      ],
      [
       71.21509310902594,
       40.98700397485649
      ],
      [
       71.21504643937728,
       40.987132742708106
      ],
      [
       71.21498609069367,
       40.98728580605368
      ],
      [
       71.21454755692614,
       40.98835359522241
      ],
      [
       71.21447674780404,
       40.98852123290714
      ],
      [
       71.2143439807001,
       40.988841322519896
      ],
      [
       71.21421443219263,
       40.989158981073764
      ],
      [
       71.21408327438692,
       40.989473601230486
      ],
      [
       71.21394728868653,
       40.98980704836792
      ],
      [
       71.2137992332494,
       40.990164788503705
      ],
      [
       71.21367290333839,
       40.99047333021975
      ],
      [
       71.21353369904152,
       40.9908104164678
      ],
      [
       71.21340978307785,
       40.9911171330879
      ],
      [
       71.21328345316682,
       40.991424455636555
      ],
      [
       71.21316114650139,
       40.991720844405556
      ],
      [
       71.21303642588857,
       40.99202269799139
      ],
      [
       71.2129455005386,
       40.99224316563248
      ],
      [
       71.21282641246962,
       40.992537728685576
      ],
      [
       71.21270893369886,
       40.99282196560049
      ],
      [
       71.21260674326129,
       40.9930673315244
      ],
      [
       71.21252869229714,
       40.99325621407645
      ],
      [
       71.21245144598213,
       40.9934481327712
      ],
      [
       71.21236534852683,
       40.993656448949935
      ],
      [
       71.21229212545738,
       40.99383804181656
      ],
      [
       71.21222614422999,
       40.993992911591896
      ],
      [
       71.21209981431898,
       40.994300828064404
      ],
      [
       71.21210102129237,
       40.99430113172877
      ]
     ]
    ]
   },
   "properties": {
    "ext_key": "mahalla-pansada",
    "name": "Pansada",
    "kind": "",
    "source": "survey"
   }
  },
  {
   "type": "Feature",
   "geometry": {
    "type": "Polygon",
    "coordinates": [
     [
      [
       71.22425540569216,
       40.990739636678185
      ],
      [
       71.22450484688895,
       40.99066189434265
      ],
      [
       71.22470279054832,
       40.99060358753083
      ],
      [
       71.22483153439184,
       40.99056714574726
      ],
      [
       71.22500372928249,
       40.99051612721643
      ],
      [
       71.22514373821231,
       40.99047239701573
      ],
      [
       71.22542375607192,
       40.99037035976795
      ],
      [
       71.2256957274413,
       40.99036064192659
      ],
      [
       71.22581159690044,
       40.99035578300538
      ],
      [
       71.22597413600288,
       40.99034242097018
      ],
      [
       71.22608034967377,
       40.99033634731692
      ],
      [
       71.22616886106616,
       40.99032662947056
      ],
      [
       71.22634105595682,
       40.99032662947056
      ],
      [
       71.22654704610643,
       40.99033558811025
      ],
      [
       71.2265476495932,
       40.990315545050294
      ],
      [
       71.22654785075544,
       40.99029398356993
      ],
      [
       71.22654946005349,
       40.99027272576547
      ],
      [
       71.22655690305695,
       40.9901280206716
      ],
      [
       71.22658587042173,
       40.99003509341344
      ],
      [
       71.22663254006497,
       40.98989722070413
      ],
      [
       71.22666472602587,
       40.98980429312067
      ],
      [
       71.22670737242404,
       40.98967917472954
      ],
      [
       71.22671944215938,
       40.989636658717345
      ],
      [
       71.22674197233198,
       40.98959657216644
      ],
      [
       71.2267653071536,
       40.989527939075735
      ],
      [
       71.22679749311447,
       40.9894678091411
      ],
      [
       71.22680393030664,
       40.98944108470811
      ],
      [
       71.22681439074394,
       40.98941618238579
      ],
      [
       71.22684778367834,
       40.98938277681671
      ],
      [
       71.22686950920193,
       40.98935574866205
      ],
      [
       71.22688338939756,
       40.9893423864242
      ],
      [
       71.22689445332162,
       40.98932947971462
      ],
      [
       71.22690994281528,
       40.98931277691023
      ],
      [
       71.22692261603736,
       40.989298199913854
      ],
      [
       71.2269379043688,
       40.98928119341399
      ],
      [
       71.226955405485,
       40.98926828669243
      ],
      [
       71.22697290660123,
       40.98925492443684
      ],
      [
       71.22699342515129,
       40.989237614238085
      ],
      [
       71.22701213324108,
       40.989225770415274
      ],
      [
       71.22703064016856,
       40.98921286368286
      ],
      [
       71.22705679126179,
       40.989195857160986
      ],
      [
       71.22707590167605,
       40.98918431701865
      ],
      [
       71.22709782836189,
       40.989168980773734
      ],
      [
       71.22711331785557,
       40.98916047750771
      ],
      [
       71.22715073403509,
       40.98913633429992
      ],
      [
       71.22717970139986,
       40.989120694355584
      ],
      [
       71.22719901297639,
       40.98910778760259
      ],
      [
       71.22722093966226,
       40.98909594375645
      ],
      [
       71.22725171748733,
       40.98907772245056
      ],
      [
       71.2272752534712,
       40.98906375277927
      ],
      [
       71.22730039875314,
       40.98904872019494
      ],
      [
       71.22735209745281,
       40.98901774394972
      ],
      [
       71.22796745279224,
       40.98901364415147
      ],
      [
       71.22802699681985,
       40.989016073661574
      ],
      [
       71.22836173081294,
       40.989069522861264
      ],
      [
       71.22954617417314,
       40.98931733222094
      ],
      [
       71.23065015263113,
       40.98952140981781
      ],
      [
       71.23072739893722,
       40.989303969975296
      ],
      [
       71.23078050577266,
       40.98915577034211
      ],
      [
       71.2308480962905,
       40.98895412112591
      ],
      [
       71.23092373329854,
       40.988737894172786
      ],
      [
       71.231013853989,
       40.988447565856475
      ],
      [
       71.23108627240096,
       40.98824712924367
      ],
      [
       71.23116351870706,
       40.98799081244499
      ],
      [
       71.23124398360928,
       40.987755145883625
      ],
      [
       71.23133571359776,
       40.98747088715801
      ],
      [
       71.23148537831581,
       40.987012912189236
      ],
      [
       71.23157067111215,
       40.98674079823454
      ],
      [
       71.23163826162998,
       40.98654157123428
      ],
      [
       71.23173803810867,
       40.986298610663276
      ],
      [
       71.23184425177955,
       40.98600341236492
      ],
      [
       71.23196494913283,
       40.98567055343932
      ],
      [
       71.23207599069784,
       40.9853461965926
      ],
      [
       71.23216932998439,
       40.98511416506049
      ],
      [
       71.23223370190614,
       40.98496474118095
      ],
      [
       71.23231577610635,
       40.98477279781449
      ],
      [
       71.23242198977725,
       40.98454076426487
      ],
      [
       71.23249118959315,
       40.98436947195836
      ],
      [
       71.23256843589922,
       40.98418238623581
      ],
      [
       71.23276316096249,
       40.983753544882205
      ],
      [
       71.23289512340206,
       40.98347048376407
      ],
      [
       71.2329948998808,
       40.98323723077085
      ],
      [
       71.23304961601428,
       40.98306229048453
      ],
      [
       71.2331236437243,
       40.982860622634234
      ],
      [
       71.23316226687732,
       40.98267353263132
      ],
      [
       71.2332202016069,
       40.98231392957689
      ],
      [
       71.23322342020299,
       40.98201020925356
      ],
      [
       71.23322663879908,
       40.9818328359378
      ],
      [
       71.23317514126168,
       40.98156556017749
      ],
      [
       71.23314939249299,
       40.981254547020185
      ],
      [
       71.23313651810864,
       40.98088278718135
      ],
      [
       71.23307214618691,
       40.98037495499567
      ],
      [
       71.23305605320647,
       40.98023645463007
      ],
      [
       71.23317835985777,
       40.97954637829854
      ],
      [
       71.23345515912129,
       40.97849181108459
      ],
      [
       71.23350665665868,
       40.97842863371158
      ],
      [
       71.23364183769434,
       40.9780058297348
      ],
      [
       71.23378989311438,
       40.977218532349575
      ],
      [
       71.23398944607179,
       40.97611532822974
      ],
      [
       71.23402163203266,
       40.97599382885079
      ],
      [
       71.233371475623,
       40.97569250942535
      ],
      [
       71.2328886862099,
       40.97512388676033
      ],
      [
       71.23306892759081,
       40.974900324370225
      ],
      [
       71.2331719226656,
       40.97464760075607
      ],
      [
       71.23331354089345,
       40.97438515597818
      ],
      [
       71.23346803350564,
       40.9740449482307
      ],
      [
       71.23367402365525,
       40.97371445902463
      ],
      [
       71.2340473808014,
       40.97318956100035
      ],
      [
       71.23431774287273,
       40.9729173900103
      ],
      [
       71.23255395221682,
       40.97289794918233
      ],
      [
       71.23243808275767,
       40.97289794918233
      ],
      [
       71.2322063438394,
       40.972032826538154
      ],
      [
       71.23198104211326,
       40.97153221668062
      ],
      [
       71.23171068004191,
       40.97137182631117
      ],
      [
       71.23178792634802,
       40.97055528747612
      ],
      [
       71.2308416590983,
       40.96994287671821
      ],
      [
       71.23079016156089,
       40.96976790117193
      ],
      [
       71.23071935244698,
       40.96966097144298
      ],
      [
       71.23062279456437,
       40.96948113468987
      ],
      [
       71.23061635737218,
       40.96935476262418
      ],
      [
       71.23058417141131,
       40.96905827336618
      ],
      [
       71.23061635737218,
       40.96893190049061
      ],
      [
       71.23060992018,
       40.96871317763402
      ],
      [
       71.23059060860348,
       40.96848959352013
      ],
      [
       71.23069360367829,
       40.968353498471195
      ],
      [
       71.23084809629047,
       40.9682562875501
      ],
      [
       71.2310733980166,
       40.96816879759864
      ],
      [
       71.23127295097403,
       40.96806672584202
      ],
      [
       71.23141456920187,
       40.96794521164017
      ],
      [
       71.23156906181407,
       40.96784313953768
      ],
      [
       71.23170424284973,
       40.96765843723657
      ],
      [
       71.23170424284973,
       40.967522340473366
      ],
      [
       71.23174930319496,
       40.96734249789145
      ],
      [
       71.2318394238854,
       40.96707030278109
      ],
      [
       71.23186517265411,
       40.96688559831676
      ],
      [
       71.23182011230888,
       40.96678352457519
      ],
      [
       71.23177505196368,
       40.966749499959576
      ],
      [
       71.23168493127322,
       40.96670089333543
      ],
      [
       71.23167849408102,
       40.9666668686772
      ],
      [
       71.23160124777493,
       40.96654049122167
      ],
      [
       71.23147250393143,
       40.966389810092984
      ],
      [
       71.2312793881662,
       40.96633148182176
      ],
      [
       71.23098971451833,
       40.966088446803404
      ],
      [
       71.23098327732615,
       40.96596692895856
      ],
      [
       71.23095752855743,
       40.96590860031355
      ],
      [
       71.23091246821222,
       40.96583082870667
      ],
      [
       71.23060992018,
       40.965825967978205
      ],
      [
       71.23001126130774,
       40.96575791774199
      ],
      [
       71.2301013819982,
       40.96546141232236
      ],
      [
       71.23039749283824,
       40.96454272313754
      ],
      [
       71.2304811763365,
       40.964071221605565
      ],
      [
       71.23059382719956,
       40.964046917311585
      ],
      [
       71.23065819912131,
       40.963830608700874
      ],
      [
       71.2307129152548,
       40.96364589516872
      ],
      [
       71.23064532473697,
       40.96346604202224
      ],
      [
       71.23056807843086,
       40.96325459242586
      ],
      [
       71.23054232966217,
       40.96306501634968
      ],
      [
       71.23051658089346,
       40.962882731147495
      ],
      [
       71.23047473914433,
       40.962639683428094
      ],
      [
       71.2303266837243,
       40.96264454439126
      ],
      [
       71.23020759566906,
       40.962676140643055
      ],
      [
       71.23003379148034,
       40.96272718071019
      ],
      [
       71.22989861044468,
       40.96280981692566
      ],
      [
       71.22973124344813,
       40.962958075758785
      ],
      [
       71.22938685366677,
       40.96324973150763
      ],
      [
       71.22917764492107,
       40.96314279121603
      ],
      [
       71.22920983088196,
       40.9630188374794
      ],
      [
       71.22926776561152,
       40.9629434929375
      ],
      [
       71.22934501191763,
       40.96279280359564
      ],
      [
       71.22937397928241,
       40.96268829304358
      ],
      [
       71.22939650945503,
       40.96256919942205
      ],
      [
       71.22942225822372,
       40.96242337020502
      ],
      [
       71.22942869541592,
       40.9622872626451
      ],
      [
       71.22945444418461,
       40.96205636524966
      ],
      [
       71.22944478839635,
       40.9619421315027
      ],
      [
       71.22944800699246,
       40.96182060602294
      ],
      [
       71.22945122558853,
       40.96171123289983
      ],
      [
       71.22947697435724,
       40.96155567970144
      ],
      [
       71.22949628593376,
       40.961227558471286
      ],
      [
       71.22949950452985,
       40.960938324330556
      ],
      [
       71.22952525329853,
       40.96071471387398
      ],
      [
       71.2295349090868,
       40.960500824902326
      ],
      [
       71.22954134627898,
       40.96031610205081
      ],
      [
       71.22958962522029,
       40.96020186529182
      ],
      [
       71.22967652731464,
       40.96008519775943
      ],
      [
       71.22972158765988,
       40.95994908537766
      ],
      [
       71.22978595958163,
       40.95980811154348
      ],
      [
       71.22982136413857,
       40.95965498445143
      ],
      [
       71.22990504763685,
       40.959499426406865
      ],
      [
       71.22996298236642,
       40.95939248003857
      ],
      [
       71.23005310305686,
       40.9592733804699
      ],
      [
       71.23009816340209,
       40.9592271989467
      ],
      [
       71.23006597744121,
       40.9590935154079
      ],
      [
       71.22999838692338,
       40.958913649855745
      ],
      [
       71.2299179220212,
       40.95856607044061
      ],
      [
       71.2299404521938,
       40.9585174577891
      ],
      [
       71.23009172620993,
       40.9584250936526
      ],
      [
       71.23036208828127,
       40.95843481619937
      ],
      [
       71.23039266494408,
       40.95821848919519
      ],
      [
       71.23040393003039,
       40.95812247866842
      ],
      [
       71.23035565108908,
       40.95802646800201
      ],
      [
       71.23030576284972,
       40.957915873263836
      ],
      [
       71.23022690724558,
       40.95770926721257
      ],
      [
       71.23009816340209,
       40.9574649851059
      ],
      [
       71.22999999622142,
       40.957262023663034
      ],
      [
       71.22988090816618,
       40.95700437111208
      ],
      [
       71.22901188722258,
       40.95654253855106
      ],
      [
       71.22836816800509,
       40.9560855642052
      ],
      [
       71.22720947341361,
       40.955560525945174
      ],
      [
       71.22654000542741,
       40.95480212997518
      ],
      [
       71.22654000542741,
       40.95433542043236
      ],
      [
       71.22553580344812,
       40.95381036825285
      ],
      [
       71.22527831576113,
       40.95340199144848
      ],
      [
       71.22507232561152,
       40.95277969812722
      ],
      [
       71.22445435516276,
       40.95200182322715
      ],
      [
       71.22357889702697,
       40.95169067070092
      ],
      [
       71.22288368027208,
       40.95104891398443
      ],
      [
       71.22218846351717,
       40.95071830960515
      ],
      [
       71.22149324676231,
       40.94972648653486
      ],
      [
       71.22136450291879,
       40.948929127773326
      ],
      [
       71.22074653247003,
       40.94795672600853
      ],
      [
       71.21981957679682,
       40.947276036252795
      ],
      [
       71.21917585757934,
       40.94638140475978
      ],
      [
       71.21765668022609,
       40.945661801068006
      ],
      [
       71.21721895115817,
       40.9419080654912
      ],
      [
       71.21721895115817,
       40.93941842370578
      ],
      [
       71.21721895115817,
       40.93731771545501
      ],
      [
       71.21629199548501,
       40.935995013022634
      ],
      [
       71.21423209398904,
       40.93475009242218
      ],
      [
       71.21309914816626,
       40.933427338578696
      ],
      [
       71.21804291175657,
       40.921521362216595
      ],
      [
       71.21804291175657,
       40.9204318193471
      ],
      [
       71.21763093145736,
       40.9204318193471
      ],
      [
       71.21611175410409,
       40.92321400926261
      ],
      [
       71.21521054719963,
       40.92580153532441
      ],
      [
       71.21394885753334,
       40.92850568361546
      ],
      [
       71.21232668510528,
       40.93087901754796
      ],
      [
       71.2105757688337,
       40.93262978302186
      ],
      [
       71.21006079345972,
       40.934380502102684
      ],
      [
       71.20890209886822,
       40.935819947480795
      ],
      [
       71.20681644860358,
       40.940040842949976
      ],
      [
       71.20506553233199,
       40.940352050372624
      ],
      [
       71.20321162098564,
       40.94313340159618
      ],
      [
       71.2007397391905,
       40.94741217476529
      ],
      [
       71.20341761113524,
       40.94943477103174
      ],
      [
       71.20689369490968,
       40.95196292924155
      ],
      [
       71.20985480331011,
       40.95425763518778
      ],
      [
       71.21420634522033,
       40.957524536548554
      ],
      [
       71.21963933541593,
       40.96158849173474
      ],
      [
       71.22136450291879,
       40.96304678785213
      ],
      [
       71.22350165072085,
       40.965418880697996
      ],
      [
       71.22744121233188,
       40.96977397671948
      ],
      [
       71.22870290199816,
       40.97110572324724
      ],
      [
       71.22840679115812,
       40.971173767968466
      ],
      [
       71.22823942416156,
       40.97205834295826
      ],
      [
       71.22800768524327,
       40.97332200094206
      ],
      [
       71.22745408671624,
       40.975858964278096
      ],
      [
       71.22784031824673,
       40.97590756415589
      ],
      [
       71.2277244487876,
       40.97656851893909
      ],
      [
       71.22834241923636,
       40.97664627788998
      ],
      [
       71.22826517293026,
       40.97695731277685
      ],
      [
       71.2295397369809,
       40.97703507126941
      ],
      [
       71.22917925421909,
       40.977890408638046
      ],
      [
       71.2271837246449,
       40.97749190056213
      ],
      [
       71.22683611626746,
       40.97920255236114
      ],
      [
       71.22666874927091,
       40.98000926480401
      ],
      [
       71.2262825177404,
       40.98002870353631
      ],
      [
       71.22587053744121,
       40.97983431595546
      ],
      [
       71.22531693891418,
       40.97969824430799
      ],
      [
       71.22455735023755,
       40.97941638071666
      ],
      [
       71.2241582443227,
       40.97917339389531
      ],
      [
       71.22370764087046,
       40.9787846131193
      ],
      [
       71.22347590195216,
       40.97850274562373
      ],
      [
       71.22302529849992,
       40.978084801947766
      ],
      [
       71.22243307681983,
       40.977627976761184
      ],
      [
       71.22193097583018,
       40.97734610432309
      ],
      [
       71.22139025168751,
       40.976928153318504
      ],
      [
       71.22047617039867,
       40.97626720213871
      ],
      [
       71.2195749634942,
       40.975557644236666
      ],
      [
       71.2194977171881,
       40.975528484159604
      ],
      [
       71.21920160634804,
       40.975256322818865
      ],
      [
       71.21902136496715,
       40.97505220107646
      ],
      [
       71.21902136496715,
       40.974818918311755
      ],
      [
       71.21876387728017,
       40.974634235537984
      ],
      [
       71.21851926397753,
       40.97449815316332
      ],
      [
       71.21839695732619,
       40.97479461797633
      ],
      [
       71.21797853983482,
       40.975776344403684
      ],
      [
       71.21765668022607,
       40.97652963942929
      ],
      [
       71.21704514696947,
       40.97785638974993
      ],
      [
       71.21854501274622,
       40.97827919468461
      ],
      [
       71.21747643884517,
       40.980995773236366
      ],
      [
       71.21684559401206,
       40.98256540894609
      ],
      [
       71.21708859801666,
       40.982654094678516
      ],
      [
       71.21734125780954,
       40.98273184645539
      ],
      [
       71.21770817776348,
       40.98285576316035
      ],
      [
       71.21807831631355,
       40.98297724989996
      ],
      [
       71.21844845486359,
       40.98310602559961
      ],
      [
       71.21927402476003,
       40.98341338545137
      ],
      [
       71.21981153030661,
       40.9836126219023
      ],
      [
       71.22061778862654,
       40.98393941697277
      ],
      [
       71.22138864238948,
       40.984254061997426
      ],
      [
       71.22183441794758,
       40.984446006873696
      ],
      [
       71.22197925477151,
       40.984421710084796
      ],
      [
       71.22216754264264,
       40.98449581526295
      ],
      [
       71.22224157035265,
       40.98441077652687
      ],
      [
       71.22230433297634,
       40.98429050727007
      ],
      [
       71.22260849030661,
       40.98440227264724
      ],
      [
       71.22278873168752,
       40.984365827436356
      ],
      [
       71.22346302756783,
       40.98464038086261
      ],
      [
       71.22387661716506,
       40.98480316863753
      ],
      [
       71.22405363994986,
       40.984812887297934
      ],
      [
       71.22354349247,
       40.98609816751828
      ],
      [
       71.2235692412387,
       40.98690479561847
      ],
      [
       71.22374304542744,
       40.98810500109449
      ],
      [
       71.22385891488659,
       40.98910110645888
      ],
      [
       71.2239812215379,
       40.989907697825444
      ],
      [
       71.22425802080144,
       40.990733714901964
      ],
      [
       71.22425540569216,
       40.990739636678185
      ]
     ]
    ]
   },
   "properties": {
    "ext_key": "mahalla-sadacha",
    "name": "Sadacha",
    "kind": "",
    "source": "survey"
   }
  },
  {
   "type": "Feature",
   "geometry": {
    "type": "Polygon",
    "coordinates": [
     [
      [
       71.23017585435845,
       40.99429870241318
      ],
      [
       71.23021447751596,
       40.994570785208694
      ],
      [
       71.23086463400072,
       40.99446875429197
      ],
      [
       71.23088716417595,
       40.99457564381985
      ],
      [
       71.2309933778591,
       40.994692250379856
      ],
      [
       71.23154375785364,
       40.99499834161856
      ],
      [
       71.23158881820407,
       40.99494732651081
      ],
      [
       71.23241921609053,
       40.995421036706944
      ],
      [
       71.23256727152767,
       40.99526313368645
      ],
      [
       71.23283441503379,
       40.99511737671645
      ],
      [
       71.23320455362662,
       40.99515138670495
      ],
      [
       71.23369056169194,
       40.995229123755614
      ],
      [
       71.23398345396976,
       40.99527285080633
      ],
      [
       71.23422163010773,
       40.995338441328016
      ],
      [
       71.23447589922799,
       40.99536759265004
      ],
      [
       71.23467867080493,
       40.99540160250943
      ],
      [
       71.23477201010223,
       40.99540403178444
      ],
      [
       71.23497478167918,
       40.99543804162505
      ],
      [
       71.23498443746857,
       40.995991913702326
      ],
      [
       71.23564103114624,
       40.99608908376237
      ],
      [
       71.23537066904368,
       40.996570073450286
      ],
      [
       71.23521295781717,
       40.99689558973262
      ],
      [
       71.23512283711631,
       40.99711178995714
      ],
      [
       71.23515824167735,
       40.99741544076053
      ],
      [
       71.2352580181676,
       40.99755147586675
      ],
      [
       71.23525479957112,
       40.997699656645125
      ],
      [
       71.23519364623841,
       40.99793042932519
      ],
      [
       71.23479454027746,
       40.997867270566736
      ],
      [
       71.23428922063336,
       40.99916687129185
      ],
      [
       71.23456280133239,
       40.99923002880504
      ],
      [
       71.23442440168463,
       40.99938549319507
      ],
      [
       71.23434715536962,
       40.99961140173329
      ],
      [
       71.23537066904366,
       41.00000248887759
      ],
      [
       71.2377299002483,
       41.00032313002248
      ],
      [
       71.23891434374528,
       41.00045430095035
      ],
      [
       71.23896905988511,
       41.000529602661366
      ],
      [
       71.23887893918426,
       41.000910968070166
      ],
      [
       71.23890468795592,
       41.000937687856855
      ],
      [
       71.23971255566717,
       41.00107493022684
      ],
      [
       71.24036432145016,
       41.00112229699617
      ],
      [
       71.24033213548556,
       41.00134819958156
      ],
      [
       71.2412365610906,
       41.0013979952086
      ],
      [
       71.24148761161445,
       41.00141985669152
      ],
      [
       71.24151979757903,
       41.001441718167186
      ],
      [
       71.2416163554728,
       41.00169676818077
      ],
      [
       71.24184809441786,
       41.00177935559268
      ],
      [
       71.24190602915412,
       41.00170041174525
      ],
      [
       71.24199614985498,
       41.001587461152944
      ],
      [
       71.24206534967885,
       41.00150730255066
      ],
      [
       71.24224237248411,
       41.00132390901814
      ],
      [
       71.24230513511507,
       41.001259538981756
      ],
      [
       71.24245640914866,
       41.00116237654363
      ],
      [
       71.2425722786212,
       41.001105293544434
      ],
      [
       71.24276539440874,
       41.00098019658606
      ],
      [
       71.24383557773145,
       41.001410140477795
      ],
      [
       71.24386293580135,
       41.00135305769317
      ],
      [
       71.24390477755531,
       41.00135062863742
      ],
      [
       71.24395949369512,
       41.00127168427645
      ],
      [
       71.24408662825525,
       41.0010797883586
      ],
      [
       71.24420410702601,
       41.000917040749904
      ],
      [
       71.24428618123574,
       41.00078951435779
      ],
      [
       71.24441331579587,
       41.00059883157784
      ],
      [
       71.24453401316309,
       41.00042150824285
      ],
      [
       71.24474000333649,
       41.000116656736786
      ],
      [
       71.24466275702146,
       40.9996915626414
      ],
      [
       71.24524693227882,
       40.99967091514409
      ],
      [
       71.24528555543634,
       40.99956767756053
      ],
      [
       71.24557040122298,
       40.99957860860645
      ],
      [
       71.24564121034506,
       40.99908306603668
      ],
      [
       71.24554465245129,
       40.99905391635774
      ],
      [
       71.2456154615734,
       40.99847092007162
      ],
      [
       71.24490737035235,
       40.9984320534692
      ],
      [
       71.2449588678957,
       40.99784905168286
      ],
      [
       71.24423146509592,
       40.99775674259383
      ],
      [
       71.24427008825344,
       40.9974603809606
      ],
      [
       71.24423468369238,
       40.99741544076051
      ],
      [
       71.24427008825344,
       40.997369285928556
      ],
      [
       71.24427169755167,
       40.99723932346493
      ],
      [
       71.24427330684989,
       40.997007333757416
      ],
      [
       71.24420249772778,
       40.99675955327281
      ],
      [
       71.24402547492252,
       40.99675469482264
      ],
      [
       71.24398685176502,
       40.99667088650059
      ],
      [
       71.24434250667376,
       40.9966417357549
      ],
      [
       71.24421215351715,
       40.99611944937674
      ],
      [
       71.24420249772778,
       40.99610365925902
      ],
      [
       71.2442475580782,
       40.996086654512624
      ],
      [
       71.24442619018168,
       40.99601742085696
      ],
      [
       71.24465149193385,
       40.9959287530865
      ],
      [
       71.24484621701963,
       40.99586559241015
      ],
      [
       71.24499910035144,
       40.99581822186317
      ],
      [
       71.24528555543631,
       40.99573319771909
      ],
      [
       71.24544648525928,
       40.99567125148795
      ],
      [
       71.24557201052117,
       40.99562509543473
      ],
      [
       71.2456653498185,
       40.99559594422657
      ],
      [
       71.24572328455477,
       40.99554371494639
      ],
      [
       71.24575547051937,
       40.99549270026069
      ],
      [
       71.24581823315032,
       40.99518296739283
      ],
      [
       71.2458713399919,
       40.99518782595886
      ],
      [
       71.24637344103955,
       40.99491817500292
      ],
      [
       71.24629619472452,
       40.99484286688125
      ],
      [
       71.24635734805724,
       40.99482100321692
      ],
      [
       71.24615779507677,
       40.994675245269356
      ],
      [
       71.24629941332098,
       40.994614512696096
      ],
      [
       71.24615135788386,
       40.99447118360135
      ],
      [
       71.24640240840769,
       40.99431570762081
      ],
      [
       71.24616745086617,
       40.99408492228608
      ],
      [
       71.24627044595286,
       40.993982890617396
      ],
      [
       71.24677576559695,
       40.99429870241318
      ],
      [
       71.24699784875261,
       40.99416994855602
      ],
      [
       71.24685944910489,
       40.99403876512219
      ],
      [
       71.24701716033138,
       40.99392215740629
      ],
      [
       71.2469206024376,
       40.99382012548568
      ],
      [
       71.24697531857741,
       40.993752104117554
      ],
      [
       71.24702681612077,
       40.99371323473282
      ],
      [
       71.2472231505048,
       40.99388085879079
      ],
      [
       71.24748063822152,
       40.99366950664761
      ],
      [
       71.24744201506401,
       40.99363549589463
      ],
      [
       71.24758685190467,
       40.99351888746544
      ],
      [
       71.24716843436498,
       40.993113185698455
      ],
      [
       71.24710406243578,
       40.99315448479486
      ],
      [
       71.24691094664824,
       40.99302329934038
      ],
      [
       71.24685623050844,
       40.99304030487697
      ],
      [
       71.2468272631403,
       40.99301115252583
      ],
      [
       71.24637344103955,
       40.993224936134894
      ],
      [
       71.2464635617404,
       40.99338284403736
      ],
      [
       71.24629297612807,
       40.99345572448017
      ],
      [
       71.24645390595101,
       40.99361606117076
      ],
      [
       71.24618676244489,
       40.99376425079559
      ],
      [
       71.24608376735821,
       40.99370351738307
      ],
      [
       71.24574259613352,
       40.993965885323924
      ],
      [
       71.24552695017074,
       40.99383227215119
      ],
      [
       71.24559775929286,
       40.993803120150226
      ],
      [
       71.24566856841497,
       40.99367679466383
      ],
      [
       71.24560097788931,
       40.993620919852255
      ],
      [
       71.24584880981668,
       40.99345572448017
      ],
      [
       71.24549798280263,
       40.99313262057057
      ],
      [
       71.2454690154345,
       40.99244267910186
      ],
      [
       71.24595180490338,
       40.99243053218034
      ],
      [
       71.24583915402732,
       40.99214143478767
      ],
      [
       71.24606445577945,
       40.99193493587391
      ],
      [
       71.24650862209084,
       40.99213414660172
      ],
      [
       71.24677254700049,
       40.99194465348435
      ],
      [
       71.24600973963965,
       40.99158995977519
      ],
      [
       71.24564281964331,
       40.99196651810261
      ],
      [
       71.24538533192657,
       40.99156080678273
      ],
      [
       71.24507634666648,
       40.991524365524015
      ],
      [
       71.24508922105233,
       40.991249840727676
      ],
      [
       71.24301966352904,
       40.99218516388641
      ],
      [
       71.2415519835436,
       40.99281680318872
      ],
      [
       71.24157451371885,
       40.99297957079752
      ],
      [
       71.24157451371883,
       40.99338527338675
      ],
      [
       71.24130737021271,
       40.99443717326193
      ],
      [
       71.24003602461131,
       40.994225822902266
      ],
      [
       71.23906722707707,
       40.99407034634306
      ],
      [
       71.23798577866675,
       40.99409706890276
      ],
      [
       71.23707169727234,
       40.99408492228606
      ],
      [
       71.23583575623199,
       40.99399746657971
      ],
      [
       71.23374044993705,
       40.99385656547543
      ],
      [
       71.23322547450358,
       40.99382984281824
      ],
      [
       71.23287786608596,
       40.993827413485235
      ],
      [
       71.23179319907922,
       40.99399746657971
      ],
      [
       71.23119132154135,
       40.994092210256355
      ],
      [
       71.2301678078673,
       40.994276838568354
      ],
      [
       71.23017585435845,
       40.99429870241318
      ]
     ]
    ]
   },
   "properties": {
    "ext_key": "mahalla-serob",
    "name": "Serob",
    "kind": "",
    "source": "survey"
   }
  },
  {
   "type": "Feature",
   "geometry": {
    "type": "Polygon",
    "coordinates": [
     [
      [
       71.2352113485192,
       41.00829250450545
      ],
      [
       71.23602887201986,
       41.008384798838655
      ],
      [
       71.23639579201621,
       41.008501380969534
      ],
      [
       71.23622198780741,
       41.009370882856004
      ],
      [
       71.23684639552049,
       41.00955546837219
      ],
      [
       71.2367047772763,
       41.00975948334109
      ],
      [
       71.23713606920182,
       41.00985177561949
      ],
      [
       71.23756092393445,
       41.00989063548752
      ],
      [
       71.23755448674152,
       41.01006550460999
      ],
      [
       71.23796646708831,
       41.010070362079
      ],
      [
       71.23818533164753,
       41.00892398946482
      ],
      [
       71.23824970357673,
       41.00867139620731
      ],
      [
       71.23822395480504,
       41.0084333747516
      ],
      [
       71.23796646708831,
       41.00839937161631
      ],
      [
       71.23796646708831,
       41.00834593808254
      ],
      [
       71.23877755339605,
       41.00835079567832
      ],
      [
       71.23889342286859,
       41.008263358899676
      ],
      [
       71.23957576531794,
       41.00838479883866
      ],
      [
       71.23955001654626,
       41.00858881743234
      ],
      [
       71.23942127268788,
       41.008666538635175
      ],
      [
       71.23868260480049,
       41.00857424469658
      ],
      [
       71.23859409339786,
       41.00864589394961
      ],
      [
       71.23849109831116,
       41.008832910276865
      ],
      [
       71.23898837146412,
       41.00896284988003
      ],
      [
       71.2393182776012,
       41.00903571309678
      ],
      [
       71.23938586812685,
       41.009085502915205
      ],
      [
       71.23979784847361,
       41.009165652300005
      ],
      [
       71.23999257355942,
       41.00919965503985
      ],
      [
       71.24017442425935,
       41.009233657762145
      ],
      [
       71.24032891688941,
       41.0092579454102
      ],
      [
       71.2406218091672,
       41.009272517994724
      ],
      [
       71.24060893478135,
       41.00881105125301
      ],
      [
       71.24059606039552,
       41.008432160354204
      ],
      [
       71.24058318600966,
       41.008373869253326
      ],
      [
       71.24083101793703,
       41.00836415406482
      ],
      [
       71.24130093302009,
       41.008288861305424
      ],
      [
       71.2413395561776,
       41.008332579692336
      ],
      [
       71.24193499652256,
       41.00827914610439
      ],
      [
       71.24183200143587,
       41.007854104657206
      ],
      [
       71.24218604704637,
       41.00779581304495
      ],
      [
       71.24244675335957,
       41.00810912985454
      ],
      [
       71.24254652984982,
       41.00850988174185
      ],
      [
       71.24284907791697,
       41.00840301481021
      ],
      [
       71.24296172879306,
       41.008237856484044
      ],
      [
       71.24410111193963,
       41.00879890734775
      ],
      [
       71.24436181825283,
       41.00859488940459
      ],
      [
       71.2448156403536,
       41.00886448440961
      ],
      [
       71.24466436632,
       41.00904421380014
      ],
      [
       71.24550120139939,
       41.009736410251286
      ],
      [
       71.24602905121868,
       41.009882134893346
      ],
      [
       71.24568144280111,
       41.01062046812642
      ],
      [
       71.24610629753373,
       41.01080505014191
      ],
      [
       71.24587455858865,
       41.01157251718767
      ],
      [
       71.24669851928223,
       41.011514228864996
      ],
      [
       71.24665989612473,
       41.01178624059631
      ],
      [
       71.24419445123695,
       41.01231204580401
      ],
      [
       71.24550441999585,
       41.013509360249756
      ],
      [
       71.24720062032986,
       41.01606056317436
      ],
      [
       71.24833356628352,
       41.01525429172891
      ],
      [
       71.24866830031529,
       41.01495315166991
      ],
      [
       71.24906740627621,
       41.01428286724173
      ],
      [
       71.24941501469381,
       41.014166295340665
      ],
      [
       71.24951800978052,
       41.01394286528703
      ],
      [
       71.24989136696979,
       41.013845721549096
      ],
      [
       71.2499943620565,
       41.013904007809025
      ],
      [
       71.24967250241056,
       41.01450629614223
      ],
      [
       71.25040634240327,
       41.014448010415144
      ],
      [
       71.252520960277,
       41.01437393889587
      ],
      [
       71.25292650343086,
       41.01438608177357
      ],
      [
       71.25290397325564,
       41.01440915323511
      ],
      [
       71.25291684764149,
       41.01556514453941
      ],
      [
       71.2529297220273,
       41.01585656771708
      ],
      [
       71.25404979359513,
       41.015924566273014
      ],
      [
       71.25363781324835,
       41.015079436378365
      ],
      [
       71.25399829605178,
       41.01491429478781
      ],
      [
       71.25399829605178,
       41.014739438534825
      ],
      [
       71.25429440692604,
       41.01462286744165
      ],
      [
       71.2543587788552,
       41.01444801041514
      ],
      [
       71.25461626657197,
       41.01436058172784
      ],
      [
       71.2534060743033,
       41.01412743799443
      ],
      [
       71.25286535009815,
       41.013845721549075
      ],
      [
       71.25215725887712,
       41.01257312535267
      ],
      [
       71.2522345051921,
       41.01099934644165
      ],
      [
       71.25206713817624,
       41.01114506829045
      ],
      [
       71.25185471080992,
       41.01141222417619
      ],
      [
       71.25168734379405,
       41.01127621767881
      ],
      [
       71.251771027302,
       41.0107856204804
      ],
      [
       71.2518096504595,
       41.0106204681264
      ],
      [
       71.25182252484535,
       41.0104358855938
      ],
      [
       71.251771027302,
       41.010290162176474
      ],
      [
       71.25178390168782,
       41.00997928447565
      ],
      [
       71.25194483151077,
       41.00968783529895
      ],
      [
       71.25198989186123,
       41.00952268019325
      ],
      [
       71.25204782659749,
       41.009027212392276
      ],
      [
       71.25220231922752,
       41.00880862247211
      ],
      [
       71.25218300764878,
       41.00865803788306
      ],
      [
       71.25244693255843,
       41.008201424444586
      ],
      [
       71.25249199290884,
       41.00787110636771
      ],
      [
       71.25247911852303,
       41.00753592897949
      ],
      [
       71.25239543501507,
       41.007244468995175
      ],
      [
       71.25191908273912,
       41.00714245769608
      ],
      [
       71.25170665537281,
       41.00710359620729
      ],
      [
       71.25174527853031,
       41.00632636161821
      ],
      [
       71.25180321326657,
       41.005821154219284
      ],
      [
       71.25165515782945,
       41.00538881019657
      ],
      [
       71.2512496146756,
       41.004592123894135
      ],
      [
       71.25126248906142,
       41.00430550878323
      ],
      [
       71.2517388413374,
       41.0041014769278
      ],
      [
       71.25022610100156,
       41.00433465613957
      ],
      [
       71.25032265889531,
       41.00385858103821
      ],
      [
       71.25039990521033,
       41.00367397956335
      ],
      [
       71.24869404908695,
       41.003338780826596
      ],
      [
       71.2462028554275,
       41.002736390405985
      ],
      [
       71.24499910035176,
       41.00240604493445
      ],
      [
       71.24555913613567,
       41.001745349023906
      ],
      [
       71.24602261402578,
       41.00123524838571
      ],
      [
       71.24612560911248,
       41.00108464649005
      ],
      [
       71.2463830968292,
       41.00090003724526
      ],
      [
       71.24680151436891,
       41.000589115243116
      ],
      [
       71.24727142945196,
       41.000253900816475
      ],
      [
       71.24705256489275,
       41.000151878696045
      ],
      [
       71.24685944910517,
       41.00004014000201
      ],
      [
       71.246479654723,
       40.99995269219628
      ],
      [
       71.2464088456009,
       40.99987496071601
      ],
      [
       71.24587133999222,
       40.99990411003184
      ],
      [
       71.24558488490734,
       40.99991868468493
      ],
      [
       71.24557844771444,
       40.999622332772006
      ],
      [
       71.24557844771444,
       40.999578608606484
      ],
      [
       71.2452887740331,
       40.9995616047565
      ],
      [
       71.24524693227912,
       40.99967091514414
      ],
      [
       71.24466114772355,
       40.99968791896591
      ],
      [
       71.24473839403856,
       41.000120300388666
      ],
      [
       71.24390477755561,
       41.00135184316536
      ],
      [
       71.2438597172052,
       41.00135184316536
      ],
      [
       71.2438339684335,
       41.001412569531404
      ],
      [
       71.24276539440906,
       41.00098505472486
      ],
      [
       71.2423115723083,
       41.00125468086331
      ],
      [
       71.2420283358199,
       41.00154859638831
      ],
      [
       71.24184809441817,
       41.0017817846327
      ],
      [
       71.24161635547311,
       41.00169433913774
      ],
      [
       71.2415133603864,
       41.001444147219644
      ],
      [
       71.24148117442184,
       41.00141985669156
      ],
      [
       71.24125265407324,
       41.00139799520865
      ],
      [
       71.24032891688944,
       41.00134698505366
      ],
      [
       71.24036432145046,
       41.00112351152832
      ],
      [
       71.23970450917632,
       41.001072501160884
      ],
      [
       71.23891273444735,
       41.00093647332136
      ],
      [
       71.23888376707923,
       41.00090975353419
      ],
      [
       71.2389577947978,
       41.00052838811836
      ],
      [
       71.23893526462258,
       41.000460373672205
      ],
      [
       71.23834304287408,
       41.000387500973446
      ],
      [
       71.23771219796805,
       41.00031462819412
      ],
      [
       71.23767357481056,
       41.00079801612497
      ],
      [
       71.23768644919639,
       41.000982625655524
      ],
      [
       71.2368882372745,
       41.000875746516655
      ],
      [
       71.23637326184101,
       41.00178907175202
      ],
      [
       71.23730343621772,
       41.00183279445116
      ],
      [
       71.23729699902482,
       41.00215828474416
      ],
      [
       71.23695260920368,
       41.00262708510237
      ],
      [
       71.23747402183008,
       41.00280197350111
      ],
      [
       71.23748689621593,
       41.00280683150555
      ],
      [
       71.2373871197257,
       41.002969574447754
      ],
      [
       71.2372036597275,
       41.00320275766448
      ],
      [
       71.2372100969204,
       41.00318332576128
      ],
      [
       71.23642797798084,
       41.00294285548481
      ],
      [
       71.23628314114018,
       41.00318696924356
      ],
      [
       71.23586472360047,
       41.00312138653154
      ],
      [
       71.23559758009435,
       41.003675194048405
      ],
      [
       71.23597093728361,
       41.00379421347737
      ],
      [
       71.2356329846554,
       41.00444760202364
      ],
      [
       71.23541733869263,
       41.00468806680952
      ],
      [
       71.23566838921646,
       41.0047997976236
      ],
      [
       71.235230660098,
       41.00576164636199
      ],
      [
       71.23520491132632,
       41.00581508199138
      ],
      [
       71.23530790641303,
       41.00584422868006
      ],
      [
       71.23535296676344,
       41.005936526442476
      ],
      [
       71.23537871553512,
       41.00613326597828
      ],
      [
       71.2351984741334,
       41.00681577759232
      ],
      [
       71.23487661448746,
       41.006769629343026
      ],
      [
       71.23480580536537,
       41.00735740989205
      ],
      [
       71.23464165694594,
       41.007398700064094
      ],
      [
       71.23432945308939,
       41.00737441173073
      ],
      [
       71.23409771414433,
       41.007323406201515
      ],
      [
       71.23404621660097,
       41.007729020509124
      ],
      [
       71.2352113485192,
       41.00829250450545
      ]
     ]
    ]
   },
   "properties": {
    "ext_key": "mahalla-yakkabuloq",
    "name": "Yakkabuloq",
    "kind": "",
    "source": "survey"
   }
  },
  {
   "type": "Feature",
   "geometry": {
    "type": "Polygon",
    "coordinates": [
     [
      [
       71.24131933936744,
       40.99438995352058
      ],
      [
       71.2414385280176,
       40.99390424109835
      ],
      [
       71.24154474170074,
       40.99350582973791
      ],
      [
       71.2415704904724,
       40.99337950368186
      ],
      [
       71.2415704904724,
       40.99301510024087
      ],
      [
       71.24155117889366,
       40.992818321545215
      ],
      [
       71.24183763397852,
       40.992689564796855
      ],
      [
       71.24225927011467,
       40.99251464956603
      ],
      [
       71.24306070063298,
       40.992162388317865
      ],
      [
       71.24371085711775,
       40.99188300736892
      ],
      [
       71.24508197920933,
       40.99125864740384
      ],
      [
       71.24765041918367,
       40.99045693138531
      ],
      [
       71.24921465706282,
       40.98993702548384
      ],
      [
       71.25028966828017,
       40.98951429523375
      ],
      [
       71.25122949844624,
       40.98915472943972
      ],
      [
       71.25094062941405,
       40.9887678295963
      ],
      [
       71.2510251175711,
       40.98858379323821
      ],
      [
       71.25105408493923,
       40.98847871614334
      ],
      [
       71.25111282432461,
       40.988257021145294
      ],
      [
       71.25119811713077,
       40.98813372196081
      ],
      [
       71.25128904248075,
       40.98800799299834
      ],
      [
       71.25143227002319,
       40.98781119935838
      ],
      [
       71.2515964184426,
       40.987578569082075
      ],
      [
       71.25163021370543,
       40.9875305851893
      ],
      [
       71.25170826466957,
       40.987528763015455
      ],
      [
       71.25175654361645,
       40.98745709080481
      ],
      [
       71.25180401791421,
       40.98738541851626
      ],
      [
       71.25186436659781,
       40.98729491695587
      ],
      [
       71.2519681663336,
       40.987160682869096
      ],
      [
       71.25189092001858,
       40.98709265463029
      ],
      [
       71.2524252070308,
       40.986456101280694
      ],
      [
       71.25272131790504,
       40.98676708994437
      ],
      [
       71.25276637825546,
       40.9862131403667
      ],
      [
       71.25281787579881,
       40.98607708186387
      ],
      [
       71.25295305685009,
       40.98560573416539
      ],
      [
       71.25289512211384,
       40.98538220727504
      ],
      [
       71.25299811720052,
       40.98520241335689
      ],
      [
       71.25307536351553,
       40.98498860373508
      ],
      [
       71.25300455439344,
       40.98498860373508
      ],
      [
       71.25300455439344,
       40.98481852740453
      ],
      [
       71.25312686105889,
       40.98459499784587
      ],
      [
       71.25315904702347,
       40.984259702087265
      ],
      [
       71.25319123298807,
       40.98407018633918
      ],
      [
       71.25281143860589,
       40.98316633450977
      ],
      [
       71.25255395088917,
       40.982651230614
      ],
      [
       71.25224496562907,
       40.98189314586518
      ],
      [
       71.25201966387695,
       40.981241963546935
      ],
      [
       71.2517557389673,
       40.980663669381755
      ],
      [
       71.25106052213212,
       40.98026031834898
      ],
      [
       71.25031380775361,
       40.97984724545769
      ],
      [
       71.24968296284763,
       40.97953622416176
      ],
      [
       71.24965721407595,
       40.97944388943219
      ],
      [
       71.24941260074505,
       40.979093988231405
      ],
      [
       71.24891049969744,
       40.97840875966982
      ],
      [
       71.24840196145689,
       40.9776992247215
      ],
      [
       71.24804791584639,
       40.97721323747614
      ],
      [
       71.24744925690499,
       40.97653770925771
      ],
      [
       71.24734626181828,
       40.97642593054013
      ],
      [
       71.24719820638117,
       40.97596909381242
      ],
      [
       71.2470630253299,
       40.975487953838154
      ],
      [
       71.2470372765582,
       40.97539075341727
      ],
      [
       71.24708233690863,
       40.97498251008563
      ],
      [
       71.24718533199534,
       40.974345839847665
      ],
      [
       71.24732695023954,
       40.973641121351065
      ],
      [
       71.24730120146786,
       40.97341269374011
      ],
      [
       71.24747500567665,
       40.97316968477511
      ],
      [
       71.24735913620412,
       40.972902373879755
      ],
      [
       71.24744281971205,
       40.97260590052905
      ],
      [
       71.24733982462537,
       40.972382329580164
      ],
      [
       71.24733982462537,
       40.97228512458348
      ],
      [
       71.24744925690499,
       40.972207360483
      ],
      [
       71.24739775936163,
       40.972056692277505
      ],
      [
       71.2474943172554,
       40.971867141465744
      ],
      [
       71.24766168427128,
       40.9715463619283
      ],
      [
       71.24763593549962,
       40.97142971443709
      ],
      [
       71.24764880988546,
       40.97124502215423
      ],
      [
       71.24764237269254,
       40.97117697749863
      ],
      [
       71.24782905128717,
       40.970977703460726
      ],
      [
       71.24780008391903,
       40.97080030045714
      ],
      [
       71.24784836286592,
       40.97076384772611
      ],
      [
       71.24794813935615,
       40.970715244053395
      ],
      [
       71.24805757163577,
       40.97066664034488
      ],
      [
       71.24821528286226,
       40.970669070531144
      ],
      [
       71.24830540356311,
       40.97067150071732
      ],
      [
       71.24846311478962,
       40.97063504791514
      ],
      [
       71.24848886356128,
       40.970588874336755
      ],
      [
       71.24849208215772,
       40.970511108236984
      ],
      [
       71.24838908707106,
       40.970258367779735
      ],
      [
       71.24840518005335,
       40.97021219393776
      ],
      [
       71.24843414742148,
       40.97017574088179
      ],
      [
       71.248472770579,
       40.9701368575999
      ],
      [
       71.24852426812232,
       40.970119846156884
      ],
      [
       71.24857576566568,
       40.9700785326341
      ],
      [
       71.24860151443737,
       40.97002749824673
      ],
      [
       71.24862726320903,
       40.96997403360809
      ],
      [
       71.24859829584089,
       40.969915708498355
      ],
      [
       71.24855967268338,
       40.96985738333707
      ],
      [
       71.2485725470692,
       40.96981363943226
      ],
      [
       71.24859507724443,
       40.96974316308018
      ],
      [
       71.24866266777008,
       40.969665395983654
      ],
      [
       71.24868841654174,
       40.96962894262558
      ],
      [
       71.24867554215591,
       40.969580338116856
      ],
      [
       71.24861117022674,
       40.9694904196813
      ],
      [
       71.24858542145506,
       40.969432094144054
      ],
      [
       71.2485661098763,
       40.96934703597651
      ],
      [
       71.2485661098763,
       40.96925954746121
      ],
      [
       71.24861117022674,
       40.96919150075801
      ],
      [
       71.24867232355946,
       40.9691696285885
      ],
      [
       71.24870772812051,
       40.96911373301126
      ],
      [
       71.24868841654174,
       40.96899951146707
      ],
      [
       71.24865944917357,
       40.96893632499597
      ],
      [
       71.24858542145505,
       40.968819672890355
      ],
      [
       71.24853714250814,
       40.9687419047054
      ],
      [
       71.24856610987626,
       40.96869816006107
      ],
      [
       71.24860795163025,
       40.96865684564813
      ],
      [
       71.24862404461253,
       40.968630112778904
      ],
      [
       71.24860795163025,
       40.968586368060464
      ],
      [
       71.2485725470692,
       40.968549914106276
      ],
      [
       71.24855001689399,
       40.96852075092843
      ],
      [
       71.24850173794711,
       40.968498878536586
      ],
      [
       71.24841483584271,
       40.96846971533617
      ],
      [
       71.24836977549228,
       40.968401667818426
      ],
      [
       71.24837299408874,
       40.96830445695706
      ],
      [
       71.24840518005333,
       40.968268002847125
      ],
      [
       71.24847598917543,
       40.96823397899302
      ],
      [
       71.24848242636834,
       40.968229118441
      ],
      [
       71.2485403611046,
       40.968168361510564
      ],
      [
       71.24845989619313,
       40.96805656861237
      ],
      [
       71.24845989619313,
       40.968005532661095
      ],
      [
       71.24840196145686,
       40.96794720581129
      ],
      [
       71.24835690110643,
       40.96786943659804
      ],
      [
       71.24824425023039,
       40.96775521289991
      ],
      [
       71.24816056672245,
       40.96766286168026
      ],
      [
       71.24808975760033,
       40.96761425572327
      ],
      [
       71.24811228777554,
       40.96754377702204
      ],
      [
       71.24815412952952,
       40.96742712245457
      ],
      [
       71.24824425023039,
       40.96730560706086
      ],
      [
       71.24827643619496,
       40.967230267404375
      ],
      [
       71.24829574777371,
       40.96715249734616
      ],
      [
       71.24828287338786,
       40.96706014528299
      ],
      [
       71.24830218496662,
       40.966965362767965
      ],
      [
       71.24832793373831,
       40.9669046046739
      ],
      [
       71.24831505935248,
       40.96684870717796
      ],
      [
       71.24830218496662,
       40.966756354689636
      ],
      [
       71.24830218496662,
       40.96671260872899
      ],
      [
       71.24828287338786,
       40.96664698973365
      ],
      [
       71.24826034321266,
       40.9665740796623
      ],
      [
       71.24822815724805,
       40.966506030189706
      ],
      [
       71.24818631549411,
       40.96644770201448
      ],
      [
       71.24812516216139,
       40.96637722206729
      ],
      [
       71.24812194356493,
       40.96630917239168
      ],
      [
       71.24814447374014,
       40.966267856482965
      ],
      [
       71.2480704460216,
       40.96620709774668
      ],
      [
       71.24798998111011,
       40.96617307282993
      ],
      [
       71.24786123725175,
       40.96612446577558
      ],
      [
       71.24782261409423,
       40.96607342832997
      ],
      [
       71.24779686532257,
       40.965998087266684
      ],
      [
       71.2477550235686,
       40.96587413887863
      ],
      [
       71.24770674462171,
       40.96580365831885
      ],
      [
       71.24770030742879,
       40.96571616510544
      ],
      [
       71.24770030742879,
       40.96571130436796
      ],
      [
       71.24770030742879,
       40.965635962891234
      ],
      [
       71.24772283760399,
       40.965587355441244
      ],
      [
       71.24765846567482,
       40.96551687457517
      ],
      [
       71.24763271690313,
       40.96546583665965
      ],
      [
       71.24763271690313,
       40.965407507565
      ],
      [
       71.24761340532437,
       40.96534674803657
      ],
      [
       71.24760053093856,
       40.96523981113069
      ],
      [
       71.24762306111377,
       40.965169329893435
      ],
      [
       71.24764880988543,
       40.96508669662285
      ],
      [
       71.24770030742879,
       40.96500892403836
      ],
      [
       71.24777111655088,
       40.96498218969127
      ],
      [
       71.24781617690131,
       40.96491170817887
      ],
      [
       71.2478483628659,
       40.96481935297971
      ],
      [
       71.24786767444466,
       40.96470755440779
      ],
      [
       71.24791273479508,
       40.96449853917833
      ],
      [
       71.24795779514551,
       40.96432354917479
      ],
      [
       71.24801572988177,
       40.96413154572038
      ],
      [
       71.2479835439172,
       40.964046480720235
      ],
      [
       71.2479835439172,
       40.96397842864117
      ],
      [
       71.24797710672426,
       40.963895793879395
      ],
      [
       71.24800929268886,
       40.96379614594082
      ],
      [
       71.24801572988177,
       40.96367948474837
      ],
      [
       71.24805435303928,
       40.963628445411835
      ],
      [
       71.24805435303928,
       40.96351664482243
      ],
      [
       71.24805435303928,
       40.963414565857995
      ],
      [
       71.248038260057,
       40.96331248673568
      ],
      [
       71.24805113444283,
       40.96324686435939
      ],
      [
       71.24810585058263,
       40.96316908960669
      ],
      [
       71.24818309689765,
       40.96308159290036
      ],
      [
       71.24817987830119,
       40.962955208564196
      ],
      [
       71.24818631549411,
       40.96284097635981
      ],
      [
       71.24820884566934,
       40.96275834017381
      ],
      [
       71.24823781303746,
       40.96270000868609
      ],
      [
       71.24819275268703,
       40.96266112099899
      ],
      [
       71.24817987830119,
       40.96261494184077
      ],
      [
       71.24813159935432,
       40.96260278942534
      ],
      [
       71.24808010181097,
       40.96258334555602
      ],
      [
       71.24804791584637,
       40.96254931877089
      ],
      [
       71.24797710672426,
       40.96251529196823
      ],
      [
       71.24795779514551,
       40.962481265148035
      ],
      [
       71.2479127347951,
       40.96242779439512
      ],
      [
       71.24786767444466,
       40.96241321145499
      ],
      [
       71.24777433514734,
       40.962362171139155
      ],
      [
       71.24765846567482,
       40.96233543571988
      ],
      [
       71.24748144286954,
       40.96226981237207
      ],
      [
       71.2473591362041,
       40.96221148045259
      ],
      [
       71.24725935971388,
       40.962192036467975
      ],
      [
       71.2471788948024,
       40.96215071798164
      ],
      [
       71.24711130427676,
       40.96213127397912
      ],
      [
       71.24701474638299,
       40.962104538466306
      ],
      [
       71.24692462568213,
       40.96206565042832
      ],
      [
       71.24684416077065,
       40.9620316233763
      ],
      [
       71.24678300743791,
       40.961997596306716
      ],
      [
       71.24676369585917,
       40.961965999726424
      ],
      [
       71.24672507270165,
       40.96191495906474
      ],
      [
       71.2467057611229,
       40.96185662683163
      ],
      [
       71.2466832309477,
       40.961798294546945
      ],
      [
       71.24664460779016,
       40.96173510118038
      ],
      [
       71.24662529621142,
       40.96167676878831
      ],
      [
       71.24655448708933,
       40.96154795123983
      ],
      [
       71.24650620814243,
       40.961475035534924
      ],
      [
       71.24650620814243,
       40.96144829975628
      ],
      [
       71.24648045937073,
       40.9613826755264
      ],
      [
       71.24641286884511,
       40.961273301664946
      ],
      [
       71.2463581527053,
       40.961171219230714
      ],
      [
       71.24630987375842,
       40.96112990010531
      ],
      [
       71.24629699937259,
       40.9610472617769
      ],
      [
       71.24628412498676,
       40.96095490116976
      ],
      [
       71.2462261902505,
       40.96090872081773
      ],
      [
       71.24618756709297,
       40.960855248790786
      ],
      [
       71.24614250674256,
       40.96079934617086
      ],
      [
       71.24605238604168,
       40.9606729574643
      ],
      [
       71.24600088849833,
       40.96057816577555
      ],
      [
       71.245949390955,
       40.96047851282778
      ],
      [
       71.24592042358688,
       40.960412887633666
      ],
      [
       71.24589789341165,
       40.96035212350685
      ],
      [
       71.24585927025414,
       40.960298651028985
      ],
      [
       71.24576914955328,
       40.960203858802664
      ],
      [
       71.24571121481702,
       40.96014552505727
      ],
      [
       71.245633968502,
       40.96008719126032
      ],
      [
       71.24553097341531,
       40.960038579723474
      ],
      [
       71.24524773692691,
       40.96237189310711
      ],
      [
       71.24589789341165,
       40.96435028378871
      ],
      [
       71.24566615446662,
       40.965400216424534
      ],
      [
       71.24567259165954,
       40.965687000675175
      ],
      [
       71.24566615446659,
       40.96628486891908
      ],
      [
       71.2452734856986,
       40.96630917239167
      ],
      [
       71.24469413833596,
       40.96632375447092
      ],
      [
       71.24395386115036,
       40.96632375447092
      ],
      [
       71.24342601133105,
       40.96630431169787
      ],
      [
       71.24322645835058,
       40.966348057929174
      ],
      [
       71.24324576992936,
       40.966639698730134
      ],
      [
       71.24327795589393,
       40.9669799447022
      ],
      [
       71.2429818450197,
       40.96723755834262
      ],
      [
       71.24299471940554,
       40.96784027311944
      ],
      [
       71.24276941765338,
       40.967859715439936
      ],
      [
       71.24278229203924,
       40.96827286339627
      ],
      [
       71.24235100011371,
       40.96841381916604
      ],
      [
       71.2419583313457,
       40.96853047198915
      ],
      [
       71.24177808994398,
       40.96876863752931
      ],
      [
       71.24141116994764,
       40.96896791823909
      ],
      [
       71.24098631521504,
       40.96899222072349
      ],
      [
       71.24067732995495,
       40.96904568615768
      ],
      [
       71.24035547030904,
       40.96912831447076
      ],
      [
       71.24010441978523,
       40.969215803160054
      ],
      [
       71.23985336926141,
       40.9693373150361
      ],
      [
       71.23958300715884,
       40.969390780190665
      ],
      [
       71.23920964996958,
       40.969487989451615
      ],
      [
       71.23902940856789,
       40.96953173357232
      ],
      [
       71.2386174282211,
       40.96967754709853
      ],
      [
       71.23848868436274,
       40.969935150207334
      ],
      [
       71.23843074962647,
       40.97010526491649
      ],
      [
       71.23818613629557,
       40.970382307932624
      ],
      [
       71.23793508577177,
       40.97064476866434
      ],
      [
       71.23762610051169,
       40.97084890406721
      ],
      [
       71.23732355244454,
       40.97101901642046
      ],
      [
       71.23713687384988,
       40.97120370933598
      ],
      [
       71.23677639104648,
       40.97168002025844
      ],
      [
       71.23664764718812,
       40.972010519694045
      ],
      [
       71.23643521982181,
       40.97219034957381
      ],
      [
       71.23619704368384,
       40.972360458468394
      ],
      [
       71.23581081210874,
       40.97247710431406
      ],
      [
       71.23535377141152,
       40.972574309027884
      ],
      [
       71.2353022738682,
       40.97287564273064
      ],
      [
       71.23523146474611,
       40.973099212007824
      ],
      [
       71.23519284158857,
       40.97359981003319
      ],
      [
       71.23512203246649,
       40.973818516716065
      ],
      [
       71.23503191176563,
       40.97406152329113
      ],
      [
       71.23488385632851,
       40.974319109283414
      ],
      [
       71.23482592159225,
       40.97453295349407
      ],
      [
       71.23472292650555,
       40.97475165708343
      ],
      [
       71.23463924299763,
       40.97475165708343
      ],
      [
       71.23458130826135,
       40.974741936939296
      ],
      [
       71.23440106685965,
       40.974722496646734
      ],
      [
       71.23423369984377,
       40.974722496646734
      ],
      [
       71.23409208159958,
       40.975538984001766
      ],
      [
       71.23409208159958,
       40.9757333842635
      ],
      [
       71.23384103107577,
       40.977001831906904
      ],
      [
       71.23374447318197,
       40.97748782070977
      ],
      [
       71.2336157293236,
       40.978090441852714
      ],
      [
       71.23337755318563,
       40.978824271455615
      ],
      [
       71.23314581424056,
       40.97968930513911
      ],
      [
       71.23305569353971,
       40.980238449849
      ],
      [
       71.23313293985473,
       40.98072441480549
      ],
      [
       71.23316512581934,
       40.98146793425893
      ],
      [
       71.23323593494143,
       40.981837261067696
      ],
      [
       71.23320933884487,
       40.98249616109936
      ],
      [
       71.2330741578092,
       40.98309387695929
      ],
      [
       71.23274586100828,
       40.983837369615195
      ],
      [
       71.23214720213602,
       40.98519312876237
      ],
      [
       71.23164510114638,
       40.986578015242586
      ],
      [
       71.23139405065156,
       40.98730324682215
      ],
      [
       71.23119127909806,
       40.98795922831539
      ],
      [
       71.23097402386216,
       40.988549606079715
      ],
      [
       71.23067952232014,
       40.98945338402223
      ],
      [
       71.23049606234318,
       40.9898688261785
      ],
      [
       71.23010500291855,
       40.9911953081726
      ],
      [
       71.23001810082418,
       40.991435821280454
      ],
      [
       71.22982015716481,
       40.99202981202886
      ],
      [
       71.2296173856113,
       40.992470746461386
      ],
      [
       71.2294773766815,
       40.992882525554194
      ],
      [
       71.22940013037541,
       40.9930902361561
      ],
      [
       71.2291973588219,
       40.99370243201806
      ],
      [
       71.22894148043295,
       40.994263606564196
      ],
      [
       71.22912976830408,
       40.99427453848845
      ],
      [
       71.22912976830408,
       40.99436928175596
      ],
      [
       71.23018224922467,
       40.994263606564196
      ],
      [
       71.23142701611621,
       40.994056127408314
      ],
      [
       71.23274503121402,
       40.99384113185316
      ],
      [
       71.23355340173761,
       40.99384432035166
      ],
      [
       71.23419792560411,
       40.993898069303626
      ],
      [
       71.23481626580286,
       40.99393157105773
      ],
      [
       71.23511881387003,
       40.99395464968124
      ],
      [
       71.23547768737522,
       40.99397408430531
      ],
      [
       71.2359379466689,
       40.99400445089393
      ],
      [
       71.236401424559,
       40.9940396761192
      ],
      [
       71.23700330209684,
       40.994078545311446
      ],
      [
       71.23725918051537,
       40.994088262605935
      ],
      [
       71.23752310542501,
       40.994088262605935
      ],
      [
       71.23799784840274,
       40.994093121252654
      ],
      [
       71.23840661015306,
       40.994090691929344
      ],
      [
       71.23863030260696,
       40.99407975997334
      ],
      [
       71.23906803172538,
       40.99407004267759
      ],
      [
       71.23947035628278,
       40.99413320507429
      ],
      [
       71.24004970364544,
       40.99422794855585
      ],
      [
       71.24130737021189,
       40.99443717800673
      ],
      [
       71.24130767509847,
       40.994435982330415
      ],
      [
       71.24130804284826,
       40.994434570768064
      ],
      [
       71.24130880349313,
       40.9944315127783
      ],
      [
       71.2413090046554,
       40.99443078208716
      ],
      [
       71.2413093063988,
       40.99442959590023
      ],
      [
       71.24130964586017,
       40.99442822229573
      ],
      [
       71.24130984073611,
       40.994427477370316
      ],
      [
       71.24131003246892,
       40.994426846318845
      ],
      [
       71.24131055737672,
       40.99442462340438
      ],
      [
       71.24131074596637,
       40.994423940160644
      ],
      [
       71.24131103199399,
       40.99442278718683
      ],
      [
       71.24131118600886,
       40.994422149018185
      ],
      [
       71.24131128030368,
       40.994421821630546
      ],
      [
       71.24131138402795,
       40.994421385113704
      ],
      [
       71.24131153175651,
       40.994420820488656
      ],
      [
       71.24131170620193,
       40.99442009394905
      ],
      [
       71.24131180992623,
       40.99441969301781
      ],
      [
       71.24131187436102,
       40.99441940180886
      ],
      [
       71.24131232854772,
       40.994417664637766
      ],
      [
       71.2413128188808,
       40.99441571217364
      ],
      [
       71.24131293046302,
       40.99441529819431
      ],
      [
       71.2413130589397,
       40.994414774566785
      ],
      [
       71.24131328603302,
       40.99441387766107
      ],
      [
       71.24131531612184,
       40.994405288552834
      ],
      [
       71.24131933936744,
       40.99438995352058
      ]
     ]
    ]
   },
   "properties": {
    "ext_key": "mahalla-dostlik",
    "name": "Do'stlik",
    "kind": "",
    "source": "survey"
   }
  },
  {
   "type": "Feature",
   "geometry": {
    "type": "Polygon",
    "coordinates": [
     [
      [
       71.22652757527197,
       41.002172858898724
      ],
      [
       71.22652757527197,
       41.00220929427118
      ],
      [
       71.22651470088614,
       41.00255907282192
      ],
      [
       71.22650826369322,
       41.00287727252981
      ],
      [
       71.22648251492154,
       41.00337278657317
      ],
      [
       71.22652113807905,
       41.00331206201327
      ],
      [
       71.22699749035502,
       41.00341165026215
      ],
      [
       71.22752212157786,
       41.00352824119158
      ],
      [
       71.22856172823423,
       41.00376628036533
      ],
      [
       71.22874840682884,
       41.003457800863046
      ],
      [
       71.22955949313658,
       41.00363754500056
      ],
      [
       71.22945971664635,
       41.00389258651656
      ],
      [
       71.22939534471716,
       41.00397274221775
      ],
      [
       71.22954340015428,
       41.00405532677758
      ],
      [
       71.22942753068173,
       41.00422292453681
      ],
      [
       71.22974617173121,
       41.004383235038105
      ],
      [
       71.22989422716834,
       41.00402860825484
      ],
      [
       71.23034483067262,
       41.00412819542092
      ],
      [
       71.23048644891684,
       41.00387801274223
      ],
      [
       71.23075359242294,
       41.00397760013589
      ],
      [
       71.23061197417874,
       41.00422049558682
      ],
      [
       71.23212471451458,
       41.00484473278885
      ],
      [
       71.23276843380644,
       41.005002612856366
      ],
      [
       71.23274590363121,
       41.004708712735045
      ],
      [
       71.23303557731256,
       41.00413548228082
      ],
      [
       71.23324800467887,
       41.0037759962317
      ],
      [
       71.23340249730892,
       41.00352581221597
      ],
      [
       71.23346043204519,
       41.00335335472008
      ],
      [
       71.23349583660624,
       41.00307645019111
      ],
      [
       71.23351514818499,
       41.00302787032922
      ],
      [
       71.23365676642919,
       41.002816547513326
      ],
      [
       71.23404943519722,
       41.00285541153032
      ],
      [
       71.23396575168927,
       41.00313231698802
      ],
      [
       71.23416530466976,
       41.00319061272559
      ],
      [
       71.234145993091,
       41.003146890927226
      ],
      [
       71.23443566677233,
       41.00315660688493
      ],
      [
       71.23440991800067,
       41.003579249658316
      ],
      [
       71.23479614957576,
       41.00358896555227
      ],
      [
       71.23476396361117,
       41.00408447424458
      ],
      [
       71.23510513483585,
       41.00411362169868
      ],
      [
       71.23523387869422,
       41.00423021138622
      ],
      [
       71.23558792430474,
       41.003690982352296
      ],
      [
       71.2358518492144,
       41.00315174890626
      ],
      [
       71.236276703947,
       41.00318089677291
      ],
      [
       71.23643119657703,
       41.002942855484754
      ],
      [
       71.23721653411309,
       41.003185754749424
      ],
      [
       71.23748045902276,
       41.00281168950959
      ],
      [
       71.23696548358927,
       41.002646517169524
      ],
      [
       71.23728734323521,
       41.00213642350611
      ],
      [
       71.23731309200687,
       41.00184493964017
      ],
      [
       71.23636038745497,
       41.00180121694909
      ],
      [
       71.23691398604592,
       41.00086845929626
      ],
      [
       71.23771219796784,
       41.00097533844694
      ],
      [
       71.23771219796784,
       41.000324344569286
      ],
      [
       71.23670799587254,
       41.0001737405922
      ],
      [
       71.23535618535968,
       40.999998845219224
      ],
      [
       71.23433910887856,
       40.99961018717331
      ],
      [
       71.23443566677234,
       40.999367274730815
      ],
      [
       71.23455958273603,
       40.99923488707273
      ],
      [
       71.23429565782635,
       40.99916201301907
      ],
      [
       71.23479132168109,
       40.99786969975084
      ],
      [
       71.23519042764204,
       40.99792800014325
      ],
      [
       71.23525479957121,
       40.997704515025646
      ],
      [
       71.23524192518536,
       40.997534471493786
      ],
      [
       71.23515180448452,
       40.99739357794938
      ],
      [
       71.23512605571281,
       40.997121506804476
      ],
      [
       71.23529985992164,
       40.99671825643481
      ],
      [
       71.23564103114632,
       40.996091513012004
      ],
      [
       71.23499087466155,
       40.99598462594203
      ],
      [
       71.2349715630828,
       40.99544047089868
      ],
      [
       71.23475269852356,
       40.99540160250942
      ],
      [
       71.23461108027935,
       40.995387026857536
      ],
      [
       71.23434071817678,
       40.99534815843676
      ],
      [
       71.23374205923535,
       40.99523641159938
      ],
      [
       71.23304040520723,
       40.995134381712845
      ],
      [
       71.2328537266126,
       40.995114947430864
      ],
      [
       71.23257049012419,
       40.99526556296652
      ],
      [
       71.2324224346871,
       40.995416178158074
      ],
      [
       71.23180446416691,
       40.99505178597479
      ],
      [
       71.23159847399354,
       40.99494003863501
      ],
      [
       71.23154697645019,
       40.99500320019815
      ],
      [
       71.23100625224502,
       40.99470196758385
      ],
      [
       71.2308903827725,
       40.9945805024306
      ],
      [
       71.23086463400084,
       40.99447361291062
      ],
      [
       71.2302112589196,
       40.99453434561367
      ],
      [
       71.23016941716563,
       40.994271979935185
      ],
      [
       71.22933580068269,
       40.99432299556556
      ],
      [
       71.22914912208803,
       40.994359435277374
      ],
      [
       71.22898175507218,
       40.99451491115479
      ],
      [
       71.22870817437312,
       40.995163533125115
      ],
      [
       71.22830584981573,
       40.99634293986829
      ],
      [
       71.22721152701956,
       40.99877213546326
      ],
      [
       71.22599489755795,
       40.99855836984324
      ],
      [
       71.22584040492792,
       40.998529219932244
      ],
      [
       71.22561510317578,
       40.99856322816049
      ],
      [
       71.22568591229788,
       40.99885958483528
      ],
      [
       71.22559579159703,
       40.99893245922333
      ],
      [
       71.22557004282534,
       40.9992725386356
      ],
      [
       71.22550245229971,
       40.999532455289106
      ],
      [
       71.2253125551086,
       40.999622332771935
      ],
      [
       71.22520312282899,
       40.99973407217428
      ],
      [
       71.22507437897062,
       40.99999641611357
      ],
      [
       71.2252417459865,
       41.000292766344536
      ],
      [
       71.22521599721482,
       41.000586686159124
      ],
      [
       71.22509369054937,
       41.000618264243045
      ],
      [
       71.22491344914766,
       41.000640125984596
      ],
      [
       71.22455296634422,
       41.00073000195699
      ],
      [
       71.22435341336376,
       41.00074943458356
      ],
      [
       71.22424398108414,
       41.00096319309764
      ],
      [
       71.2240347723143,
       41.00128868768524
      ],
      [
       71.22389637266654,
       41.001519447799666
      ],
      [
       71.22376762880818,
       41.001640900166954
      ],
      [
       71.22362279196751,
       41.00186437193799
      ],
      [
       71.22346829933747,
       41.00213642350611
      ],
      [
       71.2234489877587,
       41.002265161803145
      ],
      [
       71.22354876424893,
       41.00248377342958
      ],
      [
       71.22329771372512,
       41.002930710498006
      ],
      [
       71.2239156842453,
       41.00278739948554
      ],
      [
       71.22448537581859,
       41.0026732362526
      ],
      [
       71.22497138388393,
       41.002554214799176
      ],
      [
       71.22652757527197,
       41.002172858898724
      ]
     ]
    ]
   },
   "properties": {
    "ext_key": "mahalla-kamarsada",
    "name": "Kamarsada",
    "kind": "",
    "source": "survey"
   }
  },
  {
   "type": "Feature",
   "geometry": {
    "type": "Polygon",
    "coordinates": [
     [
      [
       71.20489538846938,
       41.024342488076954
      ],
      [
       71.2073093358138,
       41.02156941588303
      ],
      [
       71.20575797232047,
       41.02048638050101
      ],
      [
       71.20611845512387,
       41.019898717078064
      ],
      [
       71.20652399827776,
       41.01951988994336
      ],
      [
       71.20704541090416,
       41.019150774229175
      ],
      [
       71.2073093358138,
       41.01849995990485
      ],
      [
       71.20746382844386,
       41.018291115139405
      ],
      [
       71.2076183210739,
       41.01786370983432
      ],
      [
       71.20771487896769,
       41.0178782805154
      ],
      [
       71.20788224598355,
       41.017538297117504
      ],
      [
       71.20810111054278,
       41.017203168907926
      ],
      [
       71.2083843470312,
       41.01679518443846
      ],
      [
       71.20852596527541,
       41.01651347940147
      ],
      [
       71.20867402071255,
       41.016163774920926
      ],
      [
       71.20909243825226,
       41.01580435449247
      ],
      [
       71.20913749860267,
       41.01572178465758
      ],
      [
       71.20921474491767,
       41.01564892883496
      ],
      [
       71.20925336807521,
       41.015328362258195
      ],
      [
       71.20934348877607,
       41.0153380764198
      ],
      [
       71.20943360947693,
       41.01527493434372
      ],
      [
       71.20971040877242,
       41.01531379101309
      ],
      [
       71.20972972035118,
       41.0150855077524
      ],
      [
       71.20974903192992,
       41.01488150927564
      ],
      [
       71.2098842129812,
       41.014662938778116
      ],
      [
       71.20996789648915,
       41.014386081773544
      ],
      [
       71.21024469578464,
       41.014356938863266
      ],
      [
       71.21045068595804,
       41.01418693829641
      ],
      [
       71.2104442487651,
       41.0135700754127
      ],
      [
       71.21077254560394,
       41.01334178610953
      ],
      [
       71.21103647051362,
       41.013327214425026
      ],
      [
       71.2112746466516,
       41.0132932138153
      ],
      [
       71.21150638559666,
       41.01332235719613
      ],
      [
       71.21195698910097,
       41.01314749671774
      ],
      [
       71.2122144768177,
       41.01275405894445
      ],
      [
       71.21245909014861,
       41.01241404909959
      ],
      [
       71.21272301505826,
       41.01208860946166
      ],
      [
       71.21294187961749,
       41.01180688429784
      ],
      [
       71.21321224172006,
       41.011500871117015
      ],
      [
       71.21336673435012,
       41.011301718918396
      ],
      [
       71.21334742277134,
       41.011287146782664
      ],
      [
       71.21325086487754,
       41.01124343035613
      ],
      [
       71.21314143259794,
       41.01119971390059
      ],
      [
       71.21311568382627,
       41.011097708724876
      ],
      [
       71.21303200031832,
       41.01103456258458
      ],
      [
       71.21298050277498,
       41.01095684417497
      ],
      [
       71.2130255631254,
       41.01078197741816
      ],
      [
       71.21332811119258,
       41.01046624459842
      ],
      [
       71.21395251890567,
       41.01021851471135
      ],
      [
       71.21475073082756,
       41.010199084876895
      ],
      [
       71.21517558556017,
       41.01006307587526
      ],
      [
       71.21547169643443,
       41.009664762183995
      ],
      [
       71.21578711888742,
       41.009261588556534
      ],
      [
       71.21605748099,
       41.00887784269188
      ],
      [
       71.21616047607671,
       41.008775833921476
      ],
      [
       71.21645658695097,
       41.008581531064756
      ],
      [
       71.21690075326234,
       41.00824149968678
      ],
      [
       71.21720330132949,
       41.008003476678155
      ],
      [
       71.21748653781792,
       41.00767315760897
      ],
      [
       71.21766677921963,
       41.00753228573756
      ],
      [
       71.21787276939301,
       41.007124241375976
      ],
      [
       71.21844567956276,
       41.00713395674729
      ],
      [
       71.21872891605116,
       41.00707080680819
      ],
      [
       71.21908296166168,
       41.00657046284371
      ],
      [
       71.21915377078379,
       41.00649759690089
      ],
      [
       71.21939194692177,
       41.00640044218515
      ],
      [
       71.2195464395518,
       41.006269283091655
      ],
      [
       71.21980392726857,
       41.005618341505574
      ],
      [
       71.21988117358359,
       41.00521514311919
      ],
      [
       71.21998416867028,
       41.004928530717926
      ],
      [
       71.2201257869145,
       41.00469049574223
      ],
      [
       71.22033821428079,
       41.00429700746846
      ],
      [
       71.22045408375331,
       41.00427757588789
      ],
      [
       71.22118148655312,
       41.004374733733435
      ],
      [
       71.22131827690264,
       41.00429457852119
      ],
      [
       71.2214309277787,
       41.004108763790576
      ],
      [
       71.22146150444506,
       41.003869511372386
      ],
      [
       71.22192337303696,
       41.00368490992816
      ],
      [
       71.22225166987582,
       41.00363025808559
      ],
      [
       71.2227779103969,
       41.00349545001352
      ],
      [
       71.22314483039324,
       41.00340314883214
      ],
      [
       71.22333472758433,
       41.00331327650502
      ],
      [
       71.22354715495064,
       41.003004794882294
      ],
      [
       71.22330254161973,
       41.00304122979482
      ],
      [
       71.22329771372506,
       41.00292949599923
      ],
      [
       71.22309172355166,
       41.002964716455246
      ],
      [
       71.22201027514137,
       41.003179682278734
      ],
      [
       71.22099963585316,
       41.00338857494958
      ],
      [
       71.22031085621087,
       41.00354402953074
      ],
      [
       71.2200018709508,
       41.00360718284957
      ],
      [
       71.21907491517054,
       41.003782068647475
      ],
      [
       71.21876592991046,
       41.00384522173821
      ],
      [
       71.21779391377977,
       41.004024964819074
      ],
      [
       71.21514179029738,
       41.00459819623461
      ],
      [
       71.2145238197772,
       41.00472450079139
      ],
      [
       71.21440151311172,
       41.00470992720105
      ],
      [
       71.2143130017091,
       41.00471964292829
      ],
      [
       71.21376423101279,
       41.00481558565808
      ],
      [
       71.21266668962019,
       41.00497832363981
      ],
      [
       71.21237701593886,
       41.00501475746126
      ],
      [
       71.21203423541597,
       41.00505240572225
      ],
      [
       71.21164800384085,
       41.00511069976137
      ],
      [
       71.21107348437287,
       41.00518963952382
      ],
      [
       71.21042493718636,
       41.00529408275652
      ],
      [
       71.21003548701476,
       41.005343875402204
      ],
      [
       71.20913749860266,
       41.00549082421034
      ],
      [
       71.20866114632668,
       41.0055673346171
      ],
      [
       71.2087432205364,
       41.00941095738692
      ],
      [
       71.20884621562308,
       41.0097121227795
      ],
      [
       71.20876896930807,
       41.01027073236305
      ],
      [
       71.20858872790636,
       41.01065447011539
      ],
      [
       71.20840204931173,
       41.01095077242034
      ],
      [
       71.20802225492953,
       41.01144136838902
      ],
      [
       71.20746865633853,
       41.01225254380856
      ],
      [
       71.20672837915292,
       41.01318028309278
      ],
      [
       71.206091097054,
       41.014020580174126
      ],
      [
       71.20521563881707,
       41.0151571499247
      ],
      [
       71.204353054966,
       41.01646369519636
      ],
      [
       71.20386382830421,
       41.01766336264287
      ],
      [
       71.20347759672907,
       41.01919812800551
      ],
      [
       71.20350334550076,
       41.02094655129774
      ],
      [
       71.2041470647926,
       41.022947467667315
      ],
      [
       71.20486803039948,
       41.024268427683936
      ],
      [
       71.20489538846938,
       41.024342488076954
      ]
     ]
    ]
   },
   "properties": {
    "ext_key": "mahalla-sabzazor",
    "name": "Sabzazor",
    "kind": "",
    "source": "survey"
   }
  },
  {
   "type": "Feature",
   "geometry": {
    "type": "Polygon",
    "coordinates": [
     [
      [
       71.22405891178802,
       41.01272491531233
      ],
      [
       71.22448376652063,
       41.01291920595036
      ],
      [
       71.22459963599317,
       41.01307463804823
      ],
      [
       71.22535278756463,
       41.01344864503091
      ],
      [
       71.2259385721202,
       41.015508074016196
      ],
      [
       71.22581626545475,
       41.0160277782328
      ],
      [
       71.22608662755732,
       41.01708174522291
      ],
      [
       71.22689771386506,
       41.016974892194845
      ],
      [
       71.22739981491269,
       41.01698946307252
      ],
      [
       71.22739981491269,
       41.01676118561872
      ],
      [
       71.22729681982598,
       41.016319199363814
      ],
      [
       71.22836539385045,
       41.01655233534038
      ],
      [
       71.22899623875648,
       41.01651347940158
      ],
      [
       71.22922154050862,
       41.0163774834353
      ],
      [
       71.22924085208737,
       41.01630948534689
      ],
      [
       71.22956271173328,
       41.01605206337629
      ],
      [
       71.2293889075245,
       41.015716927605354
      ],
      [
       71.22911210822902,
       41.01543521795722
      ],
      [
       71.2290799222644,
       41.015187506753996
      ],
      [
       71.23034804926935,
       41.015177792570185
      ],
      [
       71.23048323032066,
       41.014857223700744
      ],
      [
       71.23063128575778,
       41.01468236729627
      ],
      [
       71.23321903731102,
       41.015483788672164
      ],
      [
       71.23323834888976,
       41.015187506753996
      ],
      [
       71.23270406187751,
       41.014959223055676
      ],
      [
       71.23300017275176,
       41.0146095103241
      ],
      [
       71.23232426749533,
       41.014361796016004
      ],
      [
       71.23173848293975,
       41.01402665164596
      ],
      [
       71.23206677977859,
       41.01355064656675
      ],
      [
       71.23262037836956,
       41.01354093214158
      ],
      [
       71.23282636854297,
       41.01349235999418
      ],
      [
       71.23323834888976,
       41.01350207442652
      ],
      [
       71.23328984643308,
       41.01339521559194
      ],
      [
       71.23352158537816,
       41.013434073370014
      ],
      [
       71.23417817905583,
       41.01364779073981
      ],
      [
       71.2343712948434,
       41.013482645560394
      ],
      [
       71.23421680221335,
       41.01264719889669
      ],
      [
       71.23438416922924,
       41.01238490531707
      ],
      [
       71.23450647589469,
       41.012044893567044
      ],
      [
       71.23467384291058,
       41.011564016810524
      ],
      [
       71.23459659659554,
       41.0114134385187
      ],
      [
       71.2346159081743,
       41.011296861540295
      ],
      [
       71.2347832751902,
       41.01076254774998
      ],
      [
       71.23472534045393,
       41.01060225276794
      ],
      [
       71.23490558185564,
       41.010203942336176
      ],
      [
       71.23503432571401,
       41.010092220685074
      ],
      [
       71.23499570255649,
       41.00977648456001
      ],
      [
       71.23485408431229,
       41.00947046194873
      ],
      [
       71.23482189834766,
       41.009392741694136
      ],
      [
       71.23388850537452,
       41.0091838680557
      ],
      [
       71.23328340924016,
       41.009008996593344
      ],
      [
       71.2333220323977,
       41.00840665800394
      ],
      [
       71.23244013696785,
       41.008256072496245
      ],
      [
       71.23226633275904,
       41.00859124622133
      ],
      [
       71.23171917136098,
       41.00846980666282
      ],
      [
       71.23178354329016,
       41.00826578770068
      ],
      [
       71.2312363818921,
       41.00819778123958
      ],
      [
       71.23128144224252,
       41.00798404619064
      ],
      [
       71.2306827833011,
       41.00794032757249
      ],
      [
       71.23069565768694,
       41.00784317498387
      ],
      [
       71.2299167573438,
       41.007731449329874
      ],
      [
       71.22985882260754,
       41.00787717840618
      ],
      [
       71.22966570681997,
       41.00784803261671
      ],
      [
       71.22958846050496,
       41.008129774708294
      ],
      [
       71.2302643657614,
       41.00821721166421
      ],
      [
       71.2300197524305,
       41.00856695832753
      ],
      [
       71.22925372647319,
       41.00846494907582
      ],
      [
       71.22919579173691,
       41.0088438397861
      ],
      [
       71.2293631587528,
       41.008858412462224
      ],
      [
       71.22882887174056,
       41.009266446084936
      ],
      [
       71.22863575595302,
       41.00918386805571
      ],
      [
       71.22866794191762,
       41.00907214467496
      ],
      [
       71.22829458472836,
       41.00906728713238
      ],
      [
       71.22808859455496,
       41.00957246964376
      ],
      [
       71.22749637280646,
       41.0095384670963
      ],
      [
       71.22722601070389,
       41.009902779191606
      ],
      [
       71.22660804018372,
       41.009820201959876
      ],
      [
       71.22648573351825,
       41.01006307587538
      ],
      [
       71.22678828158544,
       41.01013108041129
      ],
      [
       71.226743221235,
       41.0104176701843
      ],
      [
       71.22640848720323,
       41.0103108063469
      ],
      [
       71.22608662755732,
       41.010849981212196
      ],
      [
       71.22606731597854,
       41.011165712193026
      ],
      [
       71.22512104861956,
       41.01108313654415
      ],
      [
       71.22405891178802,
       41.01272491531233
      ]
     ]
    ]
   },
   "properties": {
    "ext_key": "mahalla-xujaobod",
    "name": "Xujaobod",
    "kind": "",
    "source": "survey"
   }
  },
  {
   "type": "Feature",
   "geometry": {
    "type": "Polygon",
    "coordinates": [
     [
      [
       71.17230344275798,
       41.025344241946584
      ],
      [
       71.17332051912159,
       41.0260435514881
      ],
      [
       71.1742474747948,
       41.02665544124504
      ],
      [
       71.17530317431145,
       41.027325599693086
      ],
      [
       71.17741457334483,
       41.02881157887923
      ],
      [
       71.17809691571534,
       41.029365170394264
      ],
      [
       71.17907536892591,
       41.03005472524555
      ],
      [
       71.18145713003064,
       41.03194853592265
      ],
      [
       71.18304067930563,
       41.03338585330545
      ],
      [
       71.18410925320667,
       41.03421132545389
      ],
      [
       71.18562843055996,
       41.0358331052948
      ],
      [
       71.1858987926313,
       41.03611472766275
      ],
      [
       71.18625927539311,
       41.03657114756252
      ],
      [
       71.186697004461,
       41.0370178533362
      ],
      [
       71.18726347737238,
       41.037299470635546
      ],
      [
       71.18762396013416,
       41.03758108673007
      ],
      [
       71.18810031235512,
       41.037969520745484
      ],
      [
       71.18856379019171,
       41.03728004879153
      ],
      [
       71.1887440315726,
       41.03711496288587
      ],
      [
       71.18896289610655,
       41.037095540987394
      ],
      [
       71.18919463502486,
       41.037105251937355
      ],
      [
       71.18963236409274,
       41.03721692775884
      ],
      [
       71.18985444722277,
       41.03694016559332
      ],
      [
       71.19008940473717,
       41.03666097451051
      ],
      [
       71.19027608331025,
       41.036415770930645
      ],
      [
       71.19047241767157,
       41.036136577623694
      ],
      [
       71.19065909624464,
       41.03591564990677
      ],
      [
       71.1907234681664,
       41.03576269951454
      ],
      [
       71.1908457748177,
       41.035549053927355
      ],
      [
       71.19097451866119,
       41.03537910807875
      ],
      [
       71.19115476004208,
       41.035107193808415
      ],
      [
       71.1914058105369,
       41.03471874290244
      ],
      [
       71.19150236841952,
       41.03451966092474
      ],
      [
       71.19164398664736,
       41.03430115562203
      ],
      [
       71.1918692883735,
       41.033956401336255
      ],
      [
       71.19195940906393,
       41.03355823216795
      ],
      [
       71.19334984257371,
       41.03241712426013
      ],
      [
       71.19340134011112,
       41.031950963850086
      ],
      [
       71.19391631548513,
       41.03097978572802
      ],
      [
       71.19386481794771,
       41.03051361514092
      ],
      [
       71.19355583272332,
       41.02977550496104
      ],
      [
       71.19319534996151,
       41.02938702259542
      ],
      [
       71.19293786227453,
       41.02845465556614
      ],
      [
       71.19278336966234,
       41.02794961791278
      ],
      [
       71.19278336966234,
       41.02763882358534
      ],
      [
       71.19237138936315,
       41.027094929982525
      ],
      [
       71.19319534996151,
       41.026473331792594
      ],
      [
       71.1936073302607,
       41.02631793132827
      ],
      [
       71.1943282957843,
       41.026201380739366
      ],
      [
       71.19499776377049,
       41.02573517632089
      ],
      [
       71.1952037539201,
       41.02495816162213
      ],
      [
       71.19602771451846,
       41.02398688035585
      ],
      [
       71.19646544358635,
       41.02361778971855
      ],
      [
       71.19705766526644,
       41.02352066025967
      ],
      [
       71.19754689187174,
       41.02293788049806
      ],
      [
       71.19780437955873,
       41.02256878398168
      ],
      [
       71.19860259138841,
       41.02239394806773
      ],
      [
       71.19950379829291,
       41.022083127519124
      ],
      [
       71.20035350765998,
       41.02183058474326
      ],
      [
       71.20061099534698,
       41.021558614517026
      ],
      [
       71.20174394116977,
       41.02120893686164
      ],
      [
       71.20200142885675,
       41.02101467069534
      ],
      [
       71.20251640423075,
       41.02068441689754
      ],
      [
       71.20287688699254,
       41.02006275819762
      ],
      [
       71.20334036482912,
       41.01988791563108
      ],
      [
       71.2035012946335,
       41.019649934725265
      ],
      [
       71.20347554586478,
       41.01939738261948
      ],
      [
       71.20348842024913,
       41.019144829545326
      ],
      [
       71.20359785251611,
       41.018741713978244
      ],
      [
       71.20374590793612,
       41.01810546631644
      ],
      [
       71.20387465177963,
       41.01766348913243
      ],
      [
       71.2040098328153,
       41.017289506121955
      ],
      [
       71.20433812961623,
       41.01649296380166
      ],
      [
       71.20474367272324,
       41.01590040777903
      ],
      [
       71.20507196952414,
       41.01535156015072
      ],
      [
       71.20563200524336,
       41.0146229942882
      ],
      [
       71.20608904588781,
       41.014030421444794
      ],
      [
       71.2064495286496,
       41.01355441644781
      ],
      [
       71.20659597477159,
       41.013355270479636
      ],
      [
       71.20673115580725,
       41.01318162441854
      ],
      [
       71.20691300648619,
       41.012953333795664
      ],
      [
       71.2071608383849,
       41.01263639709818
      ],
      [
       71.20739740519733,
       41.01233767375766
      ],
      [
       71.20747304220541,
       41.01224538497209
      ],
      [
       71.20753419553107,
       41.01216159635742
      ],
      [
       71.20762431622151,
       41.012024377091684
      ],
      [
       71.2077192648061,
       41.01189080054076
      ],
      [
       71.20781421339068,
       41.01174872336667
      ],
      [
       71.20788824110066,
       41.01163579000971
      ],
      [
       71.20795100372439,
       41.01153864288112
      ],
      [
       71.20803468722265,
       41.01141720876893
      ],
      [
       71.20807813826983,
       41.01136863506139
      ],
      [
       71.20812641721113,
       41.011299417466255
      ],
      [
       71.20819561702702,
       41.0112168419945
      ],
      [
       71.20829217490964,
       41.01109419294101
      ],
      [
       71.20834850034119,
       41.01101647461072
      ],
      [
       71.20839999787857,
       41.01095089969823
      ],
      [
       71.20843379313749,
       41.01089625388796
      ],
      [
       71.2084820720788,
       41.010818535324184
      ],
      [
       71.20853517891426,
       41.01074445973275
      ],
      [
       71.2085850671536,
       41.010675241481884
      ],
      [
       71.20860437873013,
       41.01061088058687
      ],
      [
       71.2086397832871,
       41.01053559040349
      ],
      [
       71.2086800157382,
       41.01045544269441
      ],
      [
       71.20872346678536,
       41.01035465074002
      ],
      [
       71.20876691783255,
       41.01028300335338
      ],
      [
       71.20877818291886,
       41.01017856804008
      ],
      [
       71.20879266660127,
       41.01008263312968
      ],
      [
       71.20881680607191,
       41.00992962273033
      ],
      [
       71.20884738273475,
       41.00970739270802
      ],
      [
       71.20880232238953,
       41.00956895395455
      ],
      [
       71.208745996958,
       41.0094098704664
      ],
      [
       71.20873634116974,
       41.009327292626466
      ],
      [
       71.20873795046779,
       41.00921921265019
      ],
      [
       71.20873634116974,
       41.00906984340237
      ],
      [
       71.20873312257365,
       41.00885489681739
      ],
      [
       71.20872507608343,
       41.0085998745359
      ],
      [
       71.20872507608343,
       41.00842500154384
      ],
      [
       71.20870898310301,
       41.00811290067557
      ],
      [
       71.20871059240105,
       41.007871234007204
      ],
      [
       71.20870737380496,
       41.00767207086054
      ],
      [
       71.20870254591082,
       41.007367252927686
      ],
      [
       71.20869289012256,
       41.0071705170988
      ],
      [
       71.20869128082451,
       41.006955564317984
      ],
      [
       71.20868162503625,
       41.00673332426497
      ],
      [
       71.20867840644017,
       41.006512297895085
      ],
      [
       71.20867840644017,
       41.0062584809844
      ],
      [
       71.20866553205583,
       41.005951227626596
      ],
      [
       71.20866070416169,
       41.00577027537403
      ],
      [
       71.20866231345973,
       41.00555896137632
      ],
      [
       71.20849011856906,
       41.005614826062306
      ],
      [
       71.20820366351725,
       41.00572048305629
      ],
      [
       71.20803629652073,
       41.005770275374026
      ],
      [
       71.20762270692349,
       41.00591722321436
      ],
      [
       71.2072477404793,
       41.0060520263169
      ],
      [
       71.20667643967379,
       41.006247551047636
      ],
      [
       71.20621135253916,
       41.00640785660524
      ],
      [
       71.20563039594536,
       41.006611881296365
      ],
      [
       71.2051604809166,
       41.00677218596767
      ],
      [
       71.20430594365537,
       41.00706850569703
      ],
      [
       71.20360428970831,
       41.00731381856313
      ],
      [
       71.20345945288439,
       41.00735996642599
      ],
      [
       71.20299758434585,
       41.007600420556884
      ],
      [
       71.2023007582929,
       41.00795624248406
      ],
      [
       71.20160232294194,
       41.0083084192913
      ],
      [
       71.2011662031721,
       41.00852822524112
      ],
      [
       71.20045650273481,
       41.008894971657604
      ],
      [
       71.19968403967383,
       41.009292075575026
      ],
      [
       71.19897112064046,
       41.00965153149163
      ],
      [
       71.19823567143449,
       41.01002434349563
      ],
      [
       71.19746159907545,
       41.01041779752466
      ],
      [
       71.19685328441494,
       41.01082096403068
      ],
      [
       71.1962272674759,
       41.011239914563205
      ],
      [
       71.19586356611804,
       41.01149249794486
      ],
      [
       71.1952584700536,
       41.0118993008748
      ],
      [
       71.19455359751045,
       41.01237288918123
      ],
      [
       71.1937972274299,
       41.01288290355022
      ],
      [
       71.19296522034129,
       41.01344634340564
      ],
      [
       71.19223781762554,
       41.01393692073467
      ],
      [
       71.19153294508239,
       41.01452585156437
      ],
      [
       71.19085221200989,
       41.01512327704727
      ],
      [
       71.19018918121586,
       41.015695197585984
      ],
      [
       71.18949718305709,
       41.016303540734675
      ],
      [
       71.18887116611808,
       41.01683780952508
      ],
      [
       71.18816951217103,
       41.017459498662646
      ],
      [
       71.18779615502488,
       41.017781269056464
      ],
      [
       71.18728439824699,
       41.01801318561087
      ],
      [
       71.18642986098577,
       41.01839809243561
      ],
      [
       71.18559624459911,
       41.018772069152014
      ],
      [
       71.18495091608358,
       41.01906226390717
      ],
      [
       71.18422834126197,
       41.019382812276135
      ],
      [
       71.18356691976598,
       41.01968393205017
      ],
      [
       71.1827284754852,
       41.02005790146594
      ],
      [
       71.18219418853471,
       41.02030073761185
      ],
      [
       71.18196244961639,
       41.020439153814394
      ],
      [
       71.18171139912158,
       41.02058242641944
      ],
      [
       71.18150862756806,
       41.02069048775436
      ],
      [
       71.18131390250477,
       41.02080583392746
      ],
      [
       71.18104675902953,
       41.020955176567284
      ],
      [
       71.1809212337821,
       41.021032883172765
      ],
      [
       71.18085525256232,
       41.021071736441115
      ],
      [
       71.18078444344839,
       41.02111301801365
      ],
      [
       71.18073455520906,
       41.021142157931614
      ],
      [
       71.18067018328729,
       41.02117858281092
      ],
      [
       71.18054465803989,
       41.02124900418717
      ],
      [
       71.1804609745416,
       41.021298784769776
      ],
      [
       71.1804094770042,
       41.02132549628639
      ],
      [
       71.18034349578441,
       41.02136313522323
      ],
      [
       71.18029038894898,
       41.02139470334722
      ],
      [
       71.18021475194092,
       41.0214396271899
      ],
      [
       71.18016647299962,
       41.021466338649404
      ],
      [
       71.18010169875332,
       41.021500031497624
      ],
      [
       71.18001439433446,
       41.0215507225071
      ],
      [
       71.17987438540467,
       41.02163085671793
      ],
      [
       71.17971546722286,
       41.02172191820278
      ],
      [
       71.17959798846567,
       41.02178900008274
      ],
      [
       71.17927773815495,
       41.021972640173836
      ],
      [
       71.17905726432296,
       41.02209982201946
      ],
      [
       71.1788263300537,
       41.0222330743341
      ],
      [
       71.17859740740697,
       41.02236238042268
      ],
      [
       71.17840549861525,
       41.02246224340186
      ],
      [
       71.1781278947027,
       41.02259367377892
      ],
      [
       71.17708506957038,
       41.02309146774818
      ],
      [
       71.17504769824704,
       41.024050621128126
      ],
      [
       71.17232878920217,
       41.02533149404742
      ],
      [
       71.17230344275798,
       41.025344241946584
      ]
     ]
    ]
   },
   "properties": {
    "ext_key": "mahalla-yangibogishamol",
    "name": "Yangibog'ishamol",
    "kind": "",
    "source": "survey"
   }
  },
  {
   "type": "Feature",
   "geometry": {
    "type": "Polygon",
    "coordinates": [
     [
      [
       71.2558462028882,
       40.99144925901346
      ],
      [
       71.25786426263502,
       40.99275748892237
      ],
      [
       71.25843878203663,
       40.99291053919329
      ],
      [
       71.25903261301475,
       40.993059945067415
      ],
      [
       71.25952023032201,
       40.993140113933464
      ],
      [
       71.26025889812408,
       40.9931291818211
      ],
      [
       71.26107964012637,
       40.993085453353544
      ],
      [
       71.26185693108148,
       40.993471720480166
      ],
      [
       71.26291906779032,
       40.99385798534362
      ],
      [
       71.26384602346353,
       40.99418594430021
      ],
      [
       71.26383153978114,
       40.99443009046408
      ],
      [
       71.26464262599517,
       40.99551598334314
      ],
      [
       71.26470056072475,
       40.99632856933367
      ],
      [
       71.26441571497101,
       40.99629577457734
      ],
      [
       71.26431432919426,
       40.996649228313565
      ],
      [
       71.26435295234731,
       40.997184871085004
      ],
      [
       71.26504334120806,
       40.998259787324486
      ],
      [
       71.26781938033346,
       40.99805938054142
      ],
      [
       71.26902152597214,
       40.99844926226808
      ],
      [
       71.270011244269,
       40.9983399498671
      ],
      [
       71.27044575474082,
       40.99848569969481
      ],
      [
       71.27074025628282,
       40.99865695533055
      ],
      [
       71.27091406047155,
       40.99894845326178
      ],
      [
       71.27099130677765,
       40.99925816840121
      ],
      [
       71.27109752044854,
       40.999680836125634
      ],
      [
       71.27108786466025,
       41.000285683499456
      ],
      [
       71.27096233941283,
       41.001076349105716
      ],
      [
       71.27091406047153,
       41.00121844929211
      ],
      [
       71.27095751151872,
       41.00191437142158
      ],
      [
       71.27098647888351,
       41.002428110268504
      ],
      [
       71.27100579046004,
       41.003462862881996
      ],
      [
       71.27110234834265,
       41.0049639539904
      ],
      [
       71.2704554105291,
       41.00494938045468
      ],
      [
       71.26816216081679,
       41.004905659828204
      ],
      [
       71.26457503547734,
       41.00481457509653
      ],
      [
       71.26233972049461,
       41.00399480684635
      ],
      [
       71.26206453052914,
       41.003696044326425
      ],
      [
       71.2618279637167,
       41.004912946601294
      ],
      [
       71.26149483902164,
       41.007120801740356
      ],
      [
       71.26135483009185,
       41.00803161151505
      ],
      [
       71.26145621586859,
       41.0082574903909
      ],
      [
       71.26132103483292,
       41.00846879573508
      ],
      [
       71.26064995754868,
       41.008479725303424
      ],
      [
       71.26095894277306,
       41.01133592368495
      ],
      [
       71.2608237617374,
       41.011423356376156
      ],
      [
       71.26039890705387,
       41.011539933117284
      ],
      [
       71.26008992182946,
       41.01149621686354
      ],
      [
       71.26010923340598,
       41.01215195762401
      ],
      [
       71.26024441444167,
       41.01312827066354
      ],
      [
       71.26078513858435,
       41.01331770286092
      ],
      [
       71.26238799943589,
       41.01401714010193
      ],
      [
       71.26352738245086,
       41.014483427470445
      ],
      [
       71.26287078884901,
       41.01879642916877
      ],
      [
       71.26478263492494,
       41.0198892057037
      ],
      [
       71.2670807125314,
       41.019932916387994
      ],
      [
       71.26723520514359,
       41.01940838626196
      ],
      [
       71.27017056477534,
       41.01997662704328
      ],
      [
       71.2714354730377,
       41.02018789480156
      ],
      [
       71.2718410161447,
       41.01910240842606
      ],
      [
       71.27178308141514,
       41.01882557011166
      ],
      [
       71.27134857094333,
       41.01804604544921
      ],
      [
       71.27352112330234,
       41.01839573989672
      ],
      [
       71.27344387699624,
       41.01851958956834
      ],
      [
       71.27346318857276,
       41.01887656673069
      ],
      [
       71.27370458327935,
       41.01935010487899
      ],
      [
       71.27396528956241,
       41.02002762277112
      ],
      [
       71.27432255372813,
       41.02079255395063
      ],
      [
       71.27735447124249,
       41.020559433008515
      ],
      [
       71.27744137333686,
       41.02042101705873
      ],
      [
       71.2787642163288,
       41.020756128857826
      ],
      [
       71.27982635303765,
       41.020129614108335
      ],
      [
       71.28062778346342,
       41.019670651847115
      ],
      [
       71.28121678654742,
       41.01933553452518
      ],
      [
       71.28170923174878,
       41.0189712746327
      ],
      [
       71.28274240109283,
       41.018264604696455
      ],
      [
       71.28349555257732,
       41.01788576820699
      ],
      [
       71.28447078719181,
       41.017842056164156
      ],
      [
       71.28528187340585,
       41.017419504921236
      ],
      [
       71.28796618254277,
       41.016020695261346
      ],
      [
       71.28881589190986,
       41.01389328196488
      ],
      [
       71.28916350028729,
       41.01275669054042
      ],
      [
       71.29074704956231,
       41.012115527752975
      ],
      [
       71.29267820721478,
       41.011969808067434
      ],
      [
       71.2927940766739,
       41.011445214530816
      ],
      [
       71.29260096090867,
       41.01086232792452
      ],
      [
       71.2912105273989,
       41.01033772556981
      ],
      [
       71.29047668749097,
       41.009929698628355
      ],
      [
       71.29043806433792,
       41.00899705613088
      ],
      [
       71.29036081803183,
       41.00794781754162
      ],
      [
       71.29167400523548,
       41.00812269180009
      ],
      [
       71.29325755451052,
       41.0091427823913
      ],
      [
       71.29445487225503,
       41.008151837464716
      ],
      [
       71.29387552495932,
       41.007015146991584
      ],
      [
       71.29287132298002,
       41.004974884140054
      ],
      [
       71.29530458162215,
       41.004362792966674
      ],
      [
       71.29642465306055,
       41.00774379698683
      ],
      [
       71.29773784026423,
       41.005557822829175
      ],
      [
       71.2987420422435,
       41.00459597122689
      ],
      [
       71.30071182304903,
       41.00343007167519
      ],
      [
       71.30214087971186,
       41.00281067914881
      ],
      [
       71.30275885016064,
       41.00226415149712
      ],
      [
       71.30318370484414,
       40.99929096168372
      ],
      [
       71.30341544376243,
       40.9968423517193
      ],
      [
       71.30681428123076,
       40.99550140771824
      ],
      [
       71.30766399059786,
       40.99531192430116
      ],
      [
       71.30826264947014,
       40.99516616745589
      ],
      [
       71.30859094627105,
       40.99502041028834
      ],
      [
       71.30874543888324,
       40.99481634971233
      ],
      [
       71.30947927879119,
       40.994510257663975
      ],
      [
       71.31017449554608,
       40.99420416419439
      ],
      [
       71.31073453126528,
       40.9939855251317
      ],
      [
       71.31125594383145,
       40.99385434134602
      ],
      [
       71.31229876896379,
       40.993912645283
      ],
      [
       71.3134960867083,
       40.994233316014636
      ],
      [
       71.31552380224339,
       40.994102132722034
      ],
      [
       71.31938611754832,
       40.993533668771
      ],
      [
       71.32286220132276,
       40.99306723315017
      ],
      [
       71.32653140086244,
       40.99217808110676
      ],
      [
       71.32931226788199,
       40.991128574740024
      ],
      [
       71.32890672477498,
       40.98739686124695
      ],
      [
       71.32836600063229,
       40.9848457636931
      ],
      [
       71.3147899623355,
       40.975981754837626
      ],
      [
       71.31141043644364,
       40.977993756089894
      ],
      [
       71.31009724923999,
       40.978839361488156
      ],
      [
       71.30905442410766,
       40.979254870513465
      ],
      [
       71.30833989577624,
       40.97836553221237
      ],
      [
       71.30866819257716,
       40.97786983025009
      ],
      [
       71.30880337361285,
       40.977665716594636
      ],
      [
       71.30861025784759,
       40.977512630938556
      ],
      [
       71.30813712422275,
       40.977199168724724
      ],
      [
       71.30795366424577,
       40.97716271953341
      ],
      [
       71.30764467902137,
       40.97746160230758
      ],
      [
       71.30694946226647,
       40.976871125277924
      ],
      [
       71.3075867442918,
       40.97638999193835
      ],
      [
       71.30739362852655,
       40.976280642962664
      ],
      [
       71.30839783050581,
       40.97544958482384
      ],
      [
       71.30859094627105,
       40.975274623881596
      ],
      [
       71.30877440624805,
       40.97507050219581
      ],
      [
       71.3089675220133,
       40.97495386094894
      ],
      [
       71.30916063777855,
       40.97474973827065
      ],
      [
       71.30919926093159,
       40.97448000376275
      ],
      [
       71.30925719566116,
       40.974122786095414
      ],
      [
       71.30922822829638,
       40.9738967902457
      ],
      [
       71.30919926093159,
       40.97378743713728
      ],
      [
       71.30915098199029,
       40.97359789131993
      ],
      [
       71.30905442410766,
       40.97331357157283
      ],
      [
       71.30905442410766,
       40.97298550880358
      ],
      [
       71.30892889886024,
       40.972591831327136
      ],
      [
       71.30825299368189,
       40.97248247605566
      ],
      [
       71.30786676215138,
       40.97181175975887
      ],
      [
       71.30736466116174,
       40.9711701986599
      ],
      [
       71.30616734341723,
       40.97073276706107
      ],
      [
       71.3041975626117,
       40.97006203297684
      ],
      [
       71.30160981135742,
       40.96909966346797
      ],
      [
       71.29842340123083,
       40.96835600468821
      ],
      [
       71.29660811303752,
       40.96780190054063
      ],
      [
       71.29568115736433,
       40.968414331169924
      ],
      [
       71.29564253421128,
       40.9693475478654
      ],
      [
       71.29471557853809,
       40.969201733626754
      ],
      [
       71.29402036178323,
       40.96844349439143
      ],
      [
       71.29351826079358,
       40.967831064032836
      ],
      [
       71.29297753665088,
       40.96721862799007
      ],
      [
       71.29259130512038,
       40.96651869412391
      ],
      [
       71.29123949476367,
       40.965760424057606
      ],
      [
       71.28981043810084,
       40.96558543742035
      ],
      [
       71.28842000459109,
       40.96535212118219
      ],
      [
       71.28822688882583,
       40.96535212118219
      ],
      [
       71.28668196270387,
       40.965031310007845
      ],
      [
       71.28413283460262,
       40.96444801296796
      ],
      [
       71.28293551685806,
       40.96415636251466
      ],
      [
       71.28173819911355,
       40.96412719739843
      ],
      [
       71.28254928532759,
       40.96826851486899
      ],
      [
       71.2814678370422,
       40.9682101882584
      ],
      [
       71.2795753025428,
       40.966810334137044
      ],
      [
       71.27849385425743,
       40.96736444661106
      ],
      [
       71.27880283948183,
       40.967714409986726
      ],
      [
       71.27640820399277,
       40.96826851486899
      ],
      [
       71.27602197246227,
       40.96724779174004
      ],
      [
       71.27555849462567,
       40.96660618626318
      ],
      [
       71.27424530742199,
       40.96713113666281
      ],
      [
       71.27467016210554,
       40.967947717872704
      ],
      [
       71.27277762760615,
       40.96914340784108
      ],
      [
       71.27366596012628,
       40.97115561765335
      ],
      [
       71.2743225537281,
       40.97252621818602
      ],
      [
       71.2743225537281,
       40.97383846861045
      ],
      [
       71.27377217379716,
       40.97448729389911
      ],
      [
       71.27309626861879,
       40.974866379878456
      ],
      [
       71.27237208449911,
       40.97532565420438
      ],
      [
       71.27219828031039,
       40.97602549464786
      ],
      [
       71.27200516454513,
       40.9763243825747
      ],
      [
       71.27174445826206,
       40.97660868934593
      ],
      [
       71.27154168670856,
       40.97693673409783
      ],
      [
       71.27142581724941,
       40.97718458905066
      ],
      [
       71.27130029200198,
       40.977366834745354
      ],
      [
       71.27105889729543,
       40.97778235304656
      ],
      [
       71.27138719409636,
       40.978234317349624
      ],
      [
       71.2715320309203,
       40.97862067147616
      ],
      [
       71.27156099828508,
       40.97899973370284
      ],
      [
       71.27172514668554,
       40.97958290210561
      ],
      [
       71.2718603277212,
       40.97990364252939
      ],
      [
       71.27211137821602,
       40.98020980238806
      ],
      [
       71.27215965715732,
       40.980443066088405
      ],
      [
       71.27203413190992,
       40.98085127557894
      ],
      [
       71.27194722981557,
       40.981128273437264
      ],
      [
       71.27174445826206,
       40.98145629571231
      ],
      [
       71.27151271934376,
       40.98171142302059
      ],
      [
       71.27130994779024,
       40.981798895013384
      ],
      [
       71.27074991207104,
       40.98194468141024
      ],
      [
       71.27036368054054,
       40.981995706573
      ],
      [
       71.26976502166829,
       40.982119624661074
      ],
      [
       71.26935947856127,
       40.98226541034898
      ],
      [
       71.26908911648992,
       40.982768368498505
      ],
      [
       71.26875116390075,
       40.98308180424593
      ],
      [
       71.26861598286507,
       40.98331505778888
      ],
      [
       71.26834562079374,
       40.98358475616951
      ],
      [
       71.26788214295715,
       40.98381800793361
      ],
      [
       71.26727382829661,
       40.98387632074572
      ],
      [
       71.2668200062483,
       40.983912766227114
      ],
      [
       71.26644343050606,
       40.983949211688376
      ],
      [
       71.26596064109293,
       40.984299087091614
      ],
      [
       71.26562268850374,
       40.984335532339344
      ],
      [
       71.26536198222067,
       40.98448131312896
      ],
      [
       71.26489850438406,
       40.9846198045806
      ],
      [
       71.26451227285358,
       40.98478016274022
      ],
      [
       71.26391361398132,
       40.98486763066293
      ],
      [
       71.2634791035095,
       40.985151900610525
      ],
      [
       71.26290941200202,
       40.98561839222809
      ],
      [
       71.26271629623677,
       40.985997414237524
      ],
      [
       71.26192452159927,
       40.98680647316167
      ],
      [
       71.26181830792838,
       40.98709073475146
      ],
      [
       71.26180865214012,
       40.98733855154788
      ],
      [
       71.2616348479514,
       40.98739686124698
      ],
      [
       71.26122930484438,
       40.98749890309633
      ],
      [
       71.26094928698478,
       40.987549923961794
      ],
      [
       71.26031200495947,
       40.98765925425485
      ],
      [
       71.25998370815856,
       40.98769569764558
      ],
      [
       71.25970369029893,
       40.987892491607525
      ],
      [
       71.25934642613323,
       40.9879362235193
      ],
      [
       71.25938504928627,
       40.988140305390786
      ],
      [
       71.2592788356154,
       40.98858491013813
      ],
      [
       71.25924986825062,
       40.988905606783334
      ],
      [
       71.25898916196752,
       40.98901493482861
      ],
      [
       71.25884432514357,
       40.98902951188761
      ],
      [
       71.25849671676615,
       40.98923359037533
      ],
      [
       71.25825532205958,
       40.98949597607427
      ],
      [
       71.25711593904465,
       40.99033414561736
      ],
      [
       71.25560963607573,
       40.990407029421924
      ],
      [
       71.25652693596064,
       40.99074229388518
      ],
      [
       71.25655590332542,
       40.991026538507775
      ],
      [
       71.2558462028882,
       40.99144925901346
      ]
     ]
    ]
   },
   "properties": {
    "ext_key": "mahalla-zarafshon",
    "name": "Zarafshon",
    "kind": "",
    "source": "survey"
   }
  },
  {
   "type": "Feature",
   "geometry": {
    "type": "Polygon",
    "coordinates": [
     [
      [
       71.17229583423197,
       41.02535625721436
      ],
      [
       71.17852703697707,
       41.02240353525332
      ],
      [
       71.18218336255474,
       41.02030546814634
      ],
      [
       71.18779659477966,
       41.01777992835565
      ],
      [
       71.19212238842088,
       41.01401086581823
      ],
      [
       71.19742663538571,
       41.0104358855937
      ],
      [
       71.20345184795738,
       41.00736591081187
      ],
      [
       71.20860160229216,
       41.00557826466793
      ],
      [
       71.20870459737884,
       41.00371284307461
      ],
      [
       71.20968305070245,
       41.00052595903212
      ],
      [
       71.21153696226298,
       40.995745344032066
      ],
      [
       71.21213200028353,
       40.99422430457829
      ],
      [
       71.21228005572065,
       40.993858691140936
      ],
      [
       71.21241040887725,
       40.99355137993913
      ],
      [
       71.21252949694622,
       40.993258643430494
      ],
      [
       71.21265180361169,
       40.99297076435143
      ],
      [
       71.21276928238245,
       40.992682884015316
      ],
      [
       71.21289480764435,
       40.992370708559285
      ],
      [
       71.21303159799386,
       40.99203788173686
      ],
      [
       71.21315551395753,
       40.99174149439308
      ],
      [
       71.2132681648336,
       40.99147061463078
      ],
      [
       71.21343875044593,
       40.99104667949543
      ],
      [
       71.2135674943043,
       40.99072720794193
      ],
      [
       71.21362462439144,
       40.990598447118316
      ],
      [
       71.21371635439054,
       40.990367648770906
      ],
      [
       71.21382578667014,
       40.99010526651045
      ],
      [
       71.21395453052851,
       40.98979429359041
      ],
      [
       71.21401729315946,
       40.98963880658037
      ],
      [
       71.21410540223755,
       40.989420759726045
      ],
      [
       71.21421040894703,
       40.989166269588566
      ],
      [
       71.21442162933964,
       40.98865424946238
      ],
      [
       71.21452703837367,
       40.98839914898322
      ],
      [
       71.21477889354658,
       40.987820917576606
      ],
      [
       71.215062130035,
       40.98703373725959
      ],
      [
       71.21533249213755,
       40.98632429509593
      ],
      [
       71.21188215673337,
       40.985473926280925
      ],
      [
       71.21156271103467,
       40.98602757836543
      ],
      [
       71.21037826753766,
       40.98581377141899
      ],
      [
       71.20855010474881,
       40.984803038288014
      ],
      [
       71.20677343950331,
       40.984355978308024
      ],
      [
       71.19899731045781,
       40.98272321176538
      ],
      [
       71.1952379897934,
       40.98105152795013
      ],
      [
       71.19232837859427,
       40.98056556540377
      ],
      [
       71.190139733002,
       40.980176792788704
      ],
      [
       71.1863804123376,
       40.979710262625744
      ],
      [
       71.18200312115302,
       40.978524483609434
      ],
      [
       71.1814366481762,
       40.98041005663274
      ],
      [
       71.1805611899393,
       40.982587146062144
      ],
      [
       71.17945399275732,
       40.98468641423757
      ],
      [
       71.17865578083543,
       40.986610684695975
      ],
      [
       71.17893901732381,
       40.98732984206914
      ],
      [
       71.1790677611822,
       40.98797124608215
      ],
      [
       71.17883602223714,
       40.98841828155317
      ],
      [
       71.1779863127719,
       40.98894305845635
      ],
      [
       71.17690486436159,
       40.98872926096293
      ],
      [
       71.17644138647147,
       40.98884587786346
      ],
      [
       71.17587491349465,
       40.98948726712969
      ],
      [
       71.17497370648606,
       40.99055623537553
      ],
      [
       71.174741967541,
       40.99156688032388
      ],
      [
       71.1725533219487,
       40.99360755847724
      ],
      [
       71.17167786371179,
       40.99549270026066
      ],
      [
       71.17036467635641,
       40.998660394430175
      ],
      [
       71.16992694723795,
       40.99970978101596
      ],
      [
       71.16915448408776,
       41.00190566555187
      ],
      [
       71.1685107647959,
       41.005714282926924
      ],
      [
       71.16822752830747,
       41.00814313313948
      ],
      [
       71.16778979918902,
       41.0115045141394
      ],
      [
       71.16750656270062,
       41.01426343860576
      ],
      [
       71.16778979918902,
       41.01568171396508
      ],
      [
       71.1679185430474,
       41.01645883819872
      ],
      [
       71.16778979918902,
       41.01770221790339
      ],
      [
       71.16786704550404,
       41.01845989090232
      ],
      [
       71.16817603076412,
       41.01952838929397
      ],
      [
       71.1673263212989,
       41.021607054684786
      ],
      [
       71.1685107647959,
       41.02271435432568
      ],
      [
       71.17023593249804,
       41.02327771015546
      ],
      [
       71.17229583423197,
       41.02535625721436
      ]
     ]
    ]
   },
   "properties": {
    "ext_key": "mahalla-mustaqillik",
    "name": "Mustaqillik",
    "kind": "",
    "source": "survey"
   }
  },
  {
   "type": "Feature",
   "geometry": {
    "type": "Polygon",
    "coordinates": [
     [
      [
       71.1952749653584,
       40.98108932068367
      ],
      [
       71.19894738349416,
       40.98272941671362
      ],
      [
       71.20873191559997,
       40.9848481174298
      ],
      [
       71.21035408802804,
       40.98587828676137
      ],
      [
       71.21153853138821,
       40.98599490869052
      ],
      [
       71.2120277579935,
       40.985508982625056
      ],
      [
       71.21532360038704,
       40.9863447732405
      ],
      [
       71.21661103882201,
       40.983098736415634
      ],
      [
       71.2172290092708,
       40.98156313039275
      ],
      [
       71.21782766814307,
       40.98015384023825
      ],
      [
       71.21852288489796,
       40.97828769935362
      ],
      [
       71.21705520508208,
       40.97786489447347
      ],
      [
       71.21750580853431,
       40.97683459996916
      ],
      [
       71.21786629129612,
       40.97605214858045
      ],
      [
       71.21838126667012,
       40.97482256336116
      ],
      [
       71.21851644770577,
       40.97448235786936
      ],
      [
       71.21905073465626,
       40.97482256336114
      ],
      [
       71.21898636273454,
       40.97507528630505
      ],
      [
       71.219482026532,
       40.97553698918326
      ],
      [
       71.21961077037548,
       40.975571009267505
      ],
      [
       71.22087246004178,
       40.97659160363704
      ],
      [
       71.22173504379322,
       40.977228252127496
      ],
      [
       71.22243026054811,
       40.97763648151415
      ],
      [
       71.22311904011082,
       40.978185643251365
      ],
      [
       71.22350527164132,
       40.97852582964481
      ],
      [
       71.22371769898308,
       40.97880040738283
      ],
      [
       71.2240717445527,
       40.979089563234126
      ],
      [
       71.22413289787835,
       40.97917217895883
      ],
      [
       71.22453522238929,
       40.97940544632879
      ],
      [
       71.22490214234325,
       40.97954880815728
      ],
      [
       71.22531734123855,
       40.97970674879404
      ],
      [
       71.22585484678514,
       40.97983310103113
      ],
      [
       71.22630545023738,
       40.98003963782059
      ],
      [
       71.22667558878743,
       40.98000804988291
      ],
      [
       71.2267367421131,
       40.97961927402656
      ],
      [
       71.22686226736052,
       40.979128441235105
      ],
      [
       71.22693951366661,
       40.97863031511346
      ],
      [
       71.22700710418444,
       40.978392185199475
      ],
      [
       71.22710688066317,
       40.97782115588291
      ],
      [
       71.22718734556535,
       40.97749554546384
      ],
      [
       71.22785037635937,
       40.977626761796216
      ],
      [
       71.22918609373565,
       40.97789162359786
      ],
      [
       71.22930840038697,
       40.977585452978985
      ],
      [
       71.22954335790135,
       40.97703385629353
      ],
      [
       71.22826879385073,
       40.97696095770808
      ],
      [
       71.22834282156073,
       40.976635343042894
      ],
      [
       71.22771197672759,
       40.976574593860285
      ],
      [
       71.2277860044376,
       40.97623196742283
      ],
      [
       71.227837501975,
       40.97590148917298
      ],
      [
       71.22744483325233,
       40.975855319285664
      ],
      [
       71.2275542655193,
       40.97535716844646
      ],
      [
       71.22764438620976,
       40.97498537536865
      ],
      [
       71.22773772549631,
       40.97453581884854
      ],
      [
       71.22780209741805,
       40.97421019221273
      ],
      [
       71.2279404970498,
       40.973595385301856
      ],
      [
       71.22801774335588,
       40.973328076162225
      ],
      [
       71.22811108264244,
       40.972791024525954
      ],
      [
       71.22815614298767,
       40.97253100247974
      ],
      [
       71.22824948227421,
       40.97195749228766
      ],
      [
       71.22833638436857,
       40.97157352928822
      ],
      [
       71.22839431909814,
       40.97116769254963
      ],
      [
       71.22871296011081,
       40.97110450816215
      ],
      [
       71.22841363067468,
       40.97080559658578
      ],
      [
       71.22818189175638,
       40.97057472899422
      ],
      [
       71.2245770641384,
       40.96665471700914
      ],
      [
       71.22133271928227,
       40.96303828121805
      ],
      [
       71.21463803942041,
       40.95790493531246
      ],
      [
       71.20078520186006,
       40.94737449359781
      ],
      [
       71.20061783486355,
       40.947374493597806
      ],
      [
       71.19962650726862,
       40.94906161640515
      ],
      [
       71.19954926096253,
       40.94960615404584
      ],
      [
       71.19973593953557,
       40.949693668604944
      ],
      [
       71.19936258238944,
       40.950452123258394
      ],
      [
       71.19951063780947,
       40.950690354011726
      ],
      [
       71.19947845184859,
       40.951166812939675
      ],
      [
       71.19943982869553,
       40.95196414467878
      ],
      [
       71.19931752204421,
       40.952153752638594
      ],
      [
       71.19911153189463,
       40.95231418971775
      ],
      [
       71.1987832350937,
       40.95271771155701
      ],
      [
       71.19866736563456,
       40.95304830592467
      ],
      [
       71.19850643583018,
       40.95377269073665
      ],
      [
       71.19837125479451,
       40.95432691267553
      ],
      [
       71.19500460328705,
       40.95373379779428
      ],
      [
       71.19284170671627,
       40.955211713496006
      ],
      [
       71.18975185447233,
       40.95684516077819
      ],
      [
       71.19006083969673,
       40.95828411656335
      ],
      [
       71.19026682984632,
       40.95987859849803
      ],
      [
       71.18841291849995,
       40.963339658436716
      ],
      [
       71.18733147021459,
       40.96695607771265
      ],
      [
       71.18681649484058,
       40.9678504304072
      ],
      [
       71.18691948991538,
       40.96928914626366
      ],
      [
       71.185323066256,
       40.970961127981475
      ],
      [
       71.18568354901781,
       40.97232201205486
      ],
      [
       71.18527156871862,
       40.97395503588986
      ],
      [
       71.18362364752186,
       40.97488817421846
      ],
      [
       71.1840999997428,
       40.975607459338306
      ],
      [
       71.18312154653223,
       40.97712376443794
      ],
      [
       71.18222033962776,
       40.978552558501356
      ],
      [
       71.18603115739529,
       40.97964114272927
      ],
      [
       71.1952749653584,
       40.98108932068367
      ]
     ]
    ]
   },
   "properties": {
    "ext_key": "mahalla-gulzor",
    "name": "Gulzor",
    "kind": "",
    "source": "survey"
   }
  },
  {
   "type": "Feature",
   "geometry": {
    "type": "Polygon",
    "coordinates": [
     [
      [
       71.2145077601335,
       41.034110659649535
      ],
      [
       71.21470794494729,
       41.03273483850607
      ],
      [
       71.21991275010612,
       41.03018445985284
      ],
      [
       71.2207134893613,
       41.029546849753
      ],
      [
       71.22102488796057,
       41.02964752544243
      ],
      [
       71.2225596381997,
       41.027751440774345
      ],
      [
       71.22398317465338,
       41.027063467351205
      ],
      [
       71.22536369584914,
       41.02600949722635
      ],
      [
       71.2274685506662,
       41.026673299457485
      ],
      [
       71.2277445971996,
       41.02656917197598
      ],
      [
       71.22922834731655,
       41.02429138979103
      ],
      [
       71.22984675625005,
       41.02269526686862
      ],
      [
       71.23027807895846,
       41.021862208756424
      ],
      [
       71.23073528102938,
       41.02116744324889
      ],
      [
       71.23031797630897,
       41.020902226379896
      ],
      [
       71.230049477923,
       41.02048894152278
      ],
      [
       71.23006349591101,
       41.02045965352109
      ],
      [
       71.23026190435688,
       41.0200300946671
      ],
      [
       71.23047648740433,
       41.01959402448013
      ],
      [
       71.23050452338038,
       41.0194361923949
      ],
      [
       71.23030072340063,
       41.019294631336905
      ],
      [
       71.23022847684699,
       41.01917422284125
      ],
      [
       71.23034385567148,
       41.019167714267645
      ],
      [
       71.23036973503397,
       41.01908635704334
      ],
      [
       71.23028670541261,
       41.0188170639141
      ],
      [
       71.23028886202613,
       41.01864458556107
      ],
      [
       71.23037943979489,
       41.01824104953671
      ],
      [
       71.23034493397822,
       41.018016500194506
      ],
      [
       71.23058647469492,
       41.01788958065989
      ],
      [
       71.23063392019284,
       41.017707336804165
      ],
      [
       71.23049158369905,
       41.01705971615681
      ],
      [
       71.22975617848121,
       41.01708575128055
      ],
      [
       71.22943052983635,
       41.016996255499606
      ],
      [
       71.2292191817092,
       41.01636978162833
      ],
      [
       71.2291523266894,
       41.0164088347191
      ],
      [
       71.22899489390083,
       41.016511348972244
      ],
      [
       71.22839966856321,
       41.01655528360332
      ],
      [
       71.22727607290781,
       41.01630794752057
      ],
      [
       71.22739899987968,
       41.01677983778656
      ],
      [
       71.22740331310676,
       41.01699137390805
      ],
      [
       71.22693317135459,
       41.01697835632881
      ],
      [
       71.22609640530027,
       41.01709876883856
      ],
      [
       71.22582898522104,
       41.01600528499791
      ],
      [
       71.22593918403388,
       41.015508293238376
      ],
      [
       71.22553137255224,
       41.01387359020957
      ],
      [
       71.2254623609189,
       41.01364902597923
      ],
      [
       71.22536746992304,
       41.013470024957506
      ],
      [
       71.2251043630709,
       41.01332031463858
      ],
      [
       71.22458246259373,
       41.01305994805619
      ],
      [
       71.2245048245062,
       41.01292000059297
      ],
      [
       71.22406703195715,
       41.01272309726513
      ],
      [
       71.22311570712691,
       41.0138227738415
      ],
      [
       71.22131404380272,
       41.016927611335916
      ],
      [
       71.21982377907774,
       41.020854601582826
      ],
      [
       71.2183112715957,
       41.02468067457208
      ],
      [
       71.21702119168455,
       41.02645938719953
      ],
      [
       71.21541971317414,
       41.0287414386959
      ],
      [
       71.21473018770439,
       41.0298320971399
      ],
      [
       71.21317319470816,
       41.032348932290255
      ],
      [
       71.2127283395664,
       41.03369120503058
      ],
      [
       71.2145077601335,
       41.034110659649535
      ]
     ]
    ]
   },
   "properties": {
    "ext_key": "mahalla-bibiona-mahalla",
    "name": "Bibiona mahalla",
    "kind": "",
    "source": "survey"
   }
  }
 ]
}